make: Entering directory '/__w/Snes/Snes/libretro'
fatal: detected dubious ownership in repository at '/__w/Snes/Snes'
To add an exception for this directory, call:

	git config --global --add safe.directory /__w/Snes/Snes
/opt/devkitpro/devkitARM/bin/arm-none-eabi-g++ -I../libretro -I../libretro/libretro-common/include -I.. -I../apu/ -I../apu/bapu -I../libretro/ap -I../libretro/ap/mbedtls/include -include ../libretro/ap/ap_mbedtls_prefix.h -I/opt/devkitpro/libctru/include -I../libretro/ap/zlib -DMBEDTLS_USER_CONFIG_FILE=\"ap_mbedtls_config.h\" -include ../libretro/ap/ap_zlib_prefix.h   -DARM11 -D_3DS -march=armv6k -mtune=mpcore -mfloat-abi=hard -Wall -mword-relocations -fomit-frame-pointer -ffast-math -O3 -DNDEBUG -fno-strict-aliasing -DSTATIC_LINKING -fomit-frame-pointer -Wall -W -Wno-unused-parameter -Wno-missing-field-initializers  -D__LIBRETRO__ -DALLOW_CPU_OVERCLOCK -DHAVE_STRINGS_H -fno-rtti -pedantic  -fno-exceptions -c -o../apu/apu.o ../apu/apu.cpp
/opt/devkitpro/devkitARM/bin/arm-none-eabi-g++ -I../libretro -I../libretro/libretro-common/include -I.. -I../apu/ -I../apu/bapu -I../libretro/ap -I../libretro/ap/mbedtls/include -include ../libretro/ap/ap_mbedtls_prefix.h -I/opt/devkitpro/libctru/include -I../libretro/ap/zlib -DMBEDTLS_USER_CONFIG_FILE=\"ap_mbedtls_config.h\" -include ../libretro/ap/ap_zlib_prefix.h   -DARM11 -D_3DS -march=armv6k -mtune=mpcore -mfloat-abi=hard -Wall -mword-relocations -fomit-frame-pointer -ffast-math -O3 -DNDEBUG -fno-strict-aliasing -DSTATIC_LINKING -fomit-frame-pointer -Wall -W -Wno-unused-parameter -Wno-missing-field-initializers  -D__LIBRETRO__ -DALLOW_CPU_OVERCLOCK -DHAVE_STRINGS_H -fno-rtti -pedantic  -fno-exceptions -c -o../apu/bapu/dsp/sdsp.o ../apu/bapu/dsp/sdsp.cpp
/opt/devkitpro/devkitARM/bin/arm-none-eabi-g++ -I../libretro -I../libretro/libretro-common/include -I.. -I../apu/ -I../apu/bapu -I../libretro/ap -I../libretro/ap/mbedtls/include -include ../libretro/ap/ap_mbedtls_prefix.h -I/opt/devkitpro/libctru/include -I../libretro/ap/zlib -DMBEDTLS_USER_CONFIG_FILE=\"ap_mbedtls_config.h\" -include ../libretro/ap/ap_zlib_prefix.h   -DARM11 -D_3DS -march=armv6k -mtune=mpcore -mfloat-abi=hard -Wall -mword-relocations -fomit-frame-pointer -ffast-math -O3 -DNDEBUG -fno-strict-aliasing -DSTATIC_LINKING -fomit-frame-pointer -Wall -W -Wno-unused-parameter -Wno-missing-field-initializers  -D__LIBRETRO__ -DALLOW_CPU_OVERCLOCK -DHAVE_STRINGS_H -fno-rtti -pedantic  -fno-exceptions -c -o../apu/bapu/smp/smp.o ../apu/bapu/smp/smp.cpp
/opt/devkitpro/devkitARM/bin/arm-none-eabi-g++ -I../libretro -I../libretro/libretro-common/include -I.. -I../apu/ -I../apu/bapu -I../libretro/ap -I../libretro/ap/mbedtls/include -include ../libretro/ap/ap_mbedtls_prefix.h -I/opt/devkitpro/libctru/include -I../libretro/ap/zlib -DMBEDTLS_USER_CONFIG_FILE=\"ap_mbedtls_config.h\" -include ../libretro/ap/ap_zlib_prefix.h   -DARM11 -D_3DS -march=armv6k -mtune=mpcore -mfloat-abi=hard -Wall -mword-relocations -fomit-frame-pointer -ffast-math -O3 -DNDEBUG -fno-strict-aliasing -DSTATIC_LINKING -fomit-frame-pointer -Wall -W -Wno-unused-parameter -Wno-missing-field-initializers  -D__LIBRETRO__ -DALLOW_CPU_OVERCLOCK -DHAVE_STRINGS_H -fno-rtti -pedantic  -fno-exceptions -c -o../apu/bapu/smp/smp_state.o ../apu/bapu/smp/smp_state.cpp
/opt/devkitpro/devkitARM/bin/arm-none-eabi-g++ -I../libretro -I../libretro/libretro-common/include -I.. -I../apu/ -I../apu/bapu -I../libretro/ap -I../libretro/ap/mbedtls/include -include ../libretro/ap/ap_mbedtls_prefix.h -I/opt/devkitpro/libctru/include -I../libretro/ap/zlib -DMBEDTLS_USER_CONFIG_FILE=\"ap_mbedtls_config.h\" -include ../libretro/ap/ap_zlib_prefix.h   -DARM11 -D_3DS -march=armv6k -mtune=mpcore -mfloat-abi=hard -Wall -mword-relocations -fomit-frame-pointer -ffast-math -O3 -DNDEBUG -fno-strict-aliasing -DSTATIC_LINKING -fomit-frame-pointer -Wall -W -Wno-unused-parameter -Wno-missing-field-initializers  -D__LIBRETRO__ -DALLOW_CPU_OVERCLOCK -DHAVE_STRINGS_H -fno-rtti -pedantic  -fno-exceptions -c -o../cheats2.o ../cheats2.cpp
/opt/devkitpro/devkitARM/bin/arm-none-eabi-g++ -I../libretro -I../libretro/libretro-common/include -I.. -I../apu/ -I../apu/bapu -I../libretro/ap -I../libretro/ap/mbedtls/include -include ../libretro/ap/ap_mbedtls_prefix.h -I/opt/devkitpro/libctru/include -I../libretro/ap/zlib -DMBEDTLS_USER_CONFIG_FILE=\"ap_mbedtls_config.h\" -include ../libretro/ap/ap_zlib_prefix.h   -DARM11 -D_3DS -march=armv6k -mtune=mpcore -mfloat-abi=hard -Wall -mword-relocations -fomit-frame-pointer -ffast-math -O3 -DNDEBUG -fno-strict-aliasing -DSTATIC_LINKING -fomit-frame-pointer -Wall -W -Wno-unused-parameter -Wno-missing-field-initializers  -D__LIBRETRO__ -DALLOW_CPU_OVERCLOCK -DHAVE_STRINGS_H -fno-rtti -pedantic  -fno-exceptions -c -o../clip.o ../clip.cpp
../cheats2.cpp: In function 'SCheat S9xTextToCheat(const std::string&)':
../cheats2.cpp:423:37: warning: format '%x' expects argument of type 'unsigned int*', but argument 3 has type 'uint32_t*' {aka 'long unsigned int*'} [-Wformat=]
  423 |     else if (sscanf(text.c_str(), "%x = %x ? %x", &c.address, &cond_byte, &byte) == 3)
      |                                    ~^             ~~~~~~~~~~
      |                                     |             |
      |                                     unsigned int* uint32_t* {aka long unsigned int*}
      |                                    %lx
../cheats2.cpp:427:37: warning: format '%x' expects argument of type 'unsigned int*', but argument 3 has type 'uint32_t*' {aka 'long unsigned int*'} [-Wformat=]
  427 |     else if (sscanf(text.c_str(), "%x = %x", &c.address, &byte) == 2)
      |                                    ~^        ~~~~~~~~~~
      |                                     |        |
      |                                     |        uint32_t* {aka long unsigned int*}
      |                                     unsigned int*
      |                                    %lx
../cheats2.cpp:430:37: warning: format '%x' expects argument of type 'unsigned int*', but argument 3 has type 'uint32_t*' {aka 'long unsigned int*'} [-Wformat=]
  430 |     else if (sscanf(text.c_str(), "%x / %x / %x", &c.address, &cond_byte, &byte) == 3)
      |                                    ~^             ~~~~~~~~~~
      |                                     |             |
      |                                     unsigned int* uint32_t* {aka long unsigned int*}
      |                                    %lx
../cheats2.cpp:434:37: warning: format '%x' expects argument of type 'unsigned int*', but argument 3 has type 'uint32_t*' {aka 'long unsigned int*'} [-Wformat=]
  434 |     else if (sscanf(text.c_str(), "%x : %x", &c.address, &byte) == 2)
      |                                    ~^        ~~~~~~~~~~
      |                                     |        |
      |                                     |        uint32_t* {aka long unsigned int*}
      |                                     unsigned int*
      |                                    %lx
../cheats2.cpp:437:37: warning: format '%x' expects argument of type 'unsigned int*', but argument 3 has type 'uint32_t*' {aka 'long unsigned int*'} [-Wformat=]
  437 |     else if (sscanf(text.c_str(), "%x / %x", &c.address, &byte) == 2)
      |                                    ~^        ~~~~~~~~~~
      |                                     |        |
      |                                     |        uint32_t* {aka long unsigned int*}
      |                                     unsigned int*
      |                                    %lx
../cheats2.cpp: In function 'std::string S9xCheatToText(const SCheat&)':
../cheats2.cpp:531:29: warning: format '%x' expects argument of type 'unsigned int', but argument 3 has type 'long unsigned int' [-Wformat=]
  531 |         sprintf(output, "%06x=%02x?%02x", c.address, c.cond_byte, c.byte);
      |                          ~~~^             ~~~~~~~~~
      |                             |               |
      |                             unsigned int    long unsigned int
      |                          %06lx
../cheats2.cpp:533:29: warning: format '%x' expects argument of type 'unsigned int', but argument 3 has type 'long unsigned int' [-Wformat=]
  533 |         sprintf(output, "%06x=%02x", c.address, c.byte);
      |                          ~~~^        ~~~~~~~~~
      |                             |          |
      |                             |          long unsigned int
      |                             unsigned int
      |                          %06lx
../cheats2.cpp: In function 'bool8 S9xLoadCheatFileClassic(const std::string&)':
../cheats2.cpp:652:25: warning: format '%x' expects argument of type 'unsigned int', but argument 3 has type 'uint32_t' {aka 'long unsigned int'} [-Wformat=]
  652 |         sprintf(code, "%x=%x", c.address, c.byte);
      |                        ~^      ~~~~~~~~~
      |                         |        |
      |                         |        uint32_t {aka long unsigned int}
      |                         unsigned int
      |                        %lx
/opt/devkitpro/devkitARM/bin/arm-none-eabi-g++ -I../libretro -I../libretro/libretro-common/include -I.. -I../apu/ -I../apu/bapu -I../libretro/ap -I../libretro/ap/mbedtls/include -include ../libretro/ap/ap_mbedtls_prefix.h -I/opt/devkitpro/libctru/include -I../libretro/ap/zlib -DMBEDTLS_USER_CONFIG_FILE=\"ap_mbedtls_config.h\" -include ../libretro/ap/ap_zlib_prefix.h   -DARM11 -D_3DS -march=armv6k -mtune=mpcore -mfloat-abi=hard -Wall -mword-relocations -fomit-frame-pointer -ffast-math -O3 -DNDEBUG -fno-strict-aliasing -DSTATIC_LINKING -fomit-frame-pointer -Wall -W -Wno-unused-parameter -Wno-missing-field-initializers  -D__LIBRETRO__ -DALLOW_CPU_OVERCLOCK -DHAVE_STRINGS_H -fno-rtti -pedantic  -fno-exceptions -c -o../controls.o ../controls.cpp
/opt/devkitpro/devkitARM/bin/arm-none-eabi-g++ -I../libretro -I../libretro/libretro-common/include -I.. -I../apu/ -I../apu/bapu -I../libretro/ap -I../libretro/ap/mbedtls/include -include ../libretro/ap/ap_mbedtls_prefix.h -I/opt/devkitpro/libctru/include -I../libretro/ap/zlib -DMBEDTLS_USER_CONFIG_FILE=\"ap_mbedtls_config.h\" -include ../libretro/ap/ap_zlib_prefix.h   -DARM11 -D_3DS -march=armv6k -mtune=mpcore -mfloat-abi=hard -Wall -mword-relocations -fomit-frame-pointer -ffast-math -O3 -DNDEBUG -fno-strict-aliasing -DSTATIC_LINKING -fomit-frame-pointer -Wall -W -Wno-unused-parameter -Wno-missing-field-initializers  -D__LIBRETRO__ -DALLOW_CPU_OVERCLOCK -DHAVE_STRINGS_H -fno-rtti -pedantic  -fno-exceptions -c -o../cpu.o ../cpu.cpp
../controls.cpp: In function 'bool S9xMapButton(uint32, s9xcommand_t)':
../controls.cpp:844:61: warning: format '%x' expects argument of type 'unsigned int', but argument 3 has type 'uint32' {aka 'long unsigned int'} [-Wformat=]
  844 |                 fprintf(stderr, "WARNING: Remapping ID 0x%08x from %s to button\n", id, maptypename(t));
      |                                                          ~~~^                       ~~
      |                                                             |                       |
      |                                                             unsigned int            uint32 {aka long unsigned int}
      |                                                          %08lx
../controls.cpp: In function 'void S9xReportButton(uint32, bool)':
../controls.cpp:863:78: warning: format '%x' expects argument of type 'unsigned int', but argument 4 has type 'uint32' {aka 'long unsigned int'} [-Wformat=]
  863 |                 fprintf(stderr, "ERROR: S9xReportButton called on %s ID 0x%08x\n", maptypename(maptype(keymap[id].type)), id);
      |                                                                           ~~~^                                            ~~
      |                                                                              |                                            |
      |                                                                              unsigned int                                 uint32 {aka long unsigned int}
      |                                                                           %08lx
../controls.cpp: In function 'bool S9xMapPointer(uint32, s9xcommand_t)':
../controls.cpp:894:61: warning: format '%x' expects argument of type 'unsigned int', but argument 3 has type 'uint32' {aka 'long unsigned int'} [-Wformat=]
  894 |                 fprintf(stderr, "WARNING: Remapping ID 0x%08x from %s to pointer\n", id, maptypename(t));
      |                                                          ~~~^                        ~~
      |                                                             |                        |
      |                                                             unsigned int             uint32 {aka long unsigned int}
      |                                                          %08lx
../controls.cpp: In function 'void S9xReportPointer(uint32, int16, int16)':
../controls.cpp:959:79: warning: format '%x' expects argument of type 'unsigned int', but argument 4 has type 'uint32' {aka 'long unsigned int'} [-Wformat=]
  959 |                 fprintf(stderr, "ERROR: S9xReportPointer called on %s ID 0x%08x\n", maptypename(maptype(keymap[id].type)), id);
      |                                                                            ~~~^                                            ~~
      |                                                                               |                                            |
      |                                                                               unsigned int                                 uint32 {aka long unsigned int}
      |                                                                            %08lx
/opt/devkitpro/devkitARM/bin/arm-none-eabi-g++ -I../libretro -I../libretro/libretro-common/include -I.. -I../apu/ -I../apu/bapu -I../libretro/ap -I../libretro/ap/mbedtls/include -include ../libretro/ap/ap_mbedtls_prefix.h -I/opt/devkitpro/libctru/include -I../libretro/ap/zlib -DMBEDTLS_USER_CONFIG_FILE=\"ap_mbedtls_config.h\" -include ../libretro/ap/ap_zlib_prefix.h   -DARM11 -D_3DS -march=armv6k -mtune=mpcore -mfloat-abi=hard -Wall -mword-relocations -fomit-frame-pointer -ffast-math -O3 -DNDEBUG -fno-strict-aliasing -DSTATIC_LINKING -fomit-frame-pointer -Wall -W -Wno-unused-parameter -Wno-missing-field-initializers  -D__LIBRETRO__ -DALLOW_CPU_OVERCLOCK -DHAVE_STRINGS_H -fno-rtti -pedantic  -fno-exceptions -c -o../cpuexec.o ../cpuexec.cpp
/opt/devkitpro/devkitARM/bin/arm-none-eabi-g++ -I../libretro -I../libretro/libretro-common/include -I.. -I../apu/ -I../apu/bapu -I../libretro/ap -I../libretro/ap/mbedtls/include -include ../libretro/ap/ap_mbedtls_prefix.h -I/opt/devkitpro/libctru/include -I../libretro/ap/zlib -DMBEDTLS_USER_CONFIG_FILE=\"ap_mbedtls_config.h\" -include ../libretro/ap/ap_zlib_prefix.h   -DARM11 -D_3DS -march=armv6k -mtune=mpcore -mfloat-abi=hard -Wall -mword-relocations -fomit-frame-pointer -ffast-math -O3 -DNDEBUG -fno-strict-aliasing -DSTATIC_LINKING -fomit-frame-pointer -Wall -W -Wno-unused-parameter -Wno-missing-field-initializers  -D__LIBRETRO__ -DALLOW_CPU_OVERCLOCK -DHAVE_STRINGS_H -fno-rtti -pedantic  -fno-exceptions -c -o../cpuops.o ../cpuops.cpp
/opt/devkitpro/devkitARM/bin/arm-none-eabi-g++ -I../libretro -I../libretro/libretro-common/include -I.. -I../apu/ -I../apu/bapu -I../libretro/ap -I../libretro/ap/mbedtls/include -include ../libretro/ap/ap_mbedtls_prefix.h -I/opt/devkitpro/libctru/include -I../libretro/ap/zlib -DMBEDTLS_USER_CONFIG_FILE=\"ap_mbedtls_config.h\" -include ../libretro/ap/ap_zlib_prefix.h   -DARM11 -D_3DS -march=armv6k -mtune=mpcore -mfloat-abi=hard -Wall -mword-relocations -fomit-frame-pointer -ffast-math -O3 -DNDEBUG -fno-strict-aliasing -DSTATIC_LINKING -fomit-frame-pointer -Wall -W -Wno-unused-parameter -Wno-missing-field-initializers  -D__LIBRETRO__ -DALLOW_CPU_OVERCLOCK -DHAVE_STRINGS_H -fno-rtti -pedantic  -fno-exceptions -c -o../crosshairs.o ../crosshairs.cpp
/opt/devkitpro/devkitARM/bin/arm-none-eabi-g++ -I../libretro -I../libretro/libretro-common/include -I.. -I../apu/ -I../apu/bapu -I../libretro/ap -I../libretro/ap/mbedtls/include -include ../libretro/ap/ap_mbedtls_prefix.h -I/opt/devkitpro/libctru/include -I../libretro/ap/zlib -DMBEDTLS_USER_CONFIG_FILE=\"ap_mbedtls_config.h\" -include ../libretro/ap/ap_zlib_prefix.h   -DARM11 -D_3DS -march=armv6k -mtune=mpcore -mfloat-abi=hard -Wall -mword-relocations -fomit-frame-pointer -ffast-math -O3 -DNDEBUG -fno-strict-aliasing -DSTATIC_LINKING -fomit-frame-pointer -Wall -W -Wno-unused-parameter -Wno-missing-field-initializers  -D__LIBRETRO__ -DALLOW_CPU_OVERCLOCK -DHAVE_STRINGS_H -fno-rtti -pedantic  -fno-exceptions -c -o../dma.o ../dma.cpp
/opt/devkitpro/devkitARM/bin/arm-none-eabi-g++ -I../libretro -I../libretro/libretro-common/include -I.. -I../apu/ -I../apu/bapu -I../libretro/ap -I../libretro/ap/mbedtls/include -include ../libretro/ap/ap_mbedtls_prefix.h -I/opt/devkitpro/libctru/include -I../libretro/ap/zlib -DMBEDTLS_USER_CONFIG_FILE=\"ap_mbedtls_config.h\" -include ../libretro/ap/ap_zlib_prefix.h   -DARM11 -D_3DS -march=armv6k -mtune=mpcore -mfloat-abi=hard -Wall -mword-relocations -fomit-frame-pointer -ffast-math -O3 -DNDEBUG -fno-strict-aliasing -DSTATIC_LINKING -fomit-frame-pointer -Wall -W -Wno-unused-parameter -Wno-missing-field-initializers  -D__LIBRETRO__ -DALLOW_CPU_OVERCLOCK -DHAVE_STRINGS_H -fno-rtti -pedantic  -fno-exceptions -c -o../gfx.o ../gfx.cpp
/opt/devkitpro/devkitARM/bin/arm-none-eabi-g++ -I../libretro -I../libretro/libretro-common/include -I.. -I../apu/ -I../apu/bapu -I../libretro/ap -I../libretro/ap/mbedtls/include -include ../libretro/ap/ap_mbedtls_prefix.h -I/opt/devkitpro/libctru/include -I../libretro/ap/zlib -DMBEDTLS_USER_CONFIG_FILE=\"ap_mbedtls_config.h\" -include ../libretro/ap/ap_zlib_prefix.h   -DARM11 -D_3DS -march=armv6k -mtune=mpcore -mfloat-abi=hard -Wall -mword-relocations -fomit-frame-pointer -ffast-math -O3 -DNDEBUG -fno-strict-aliasing -DSTATIC_LINKING -fomit-frame-pointer -Wall -W -Wno-unused-parameter -Wno-missing-field-initializers  -D__LIBRETRO__ -DALLOW_CPU_OVERCLOCK -DHAVE_STRINGS_H -fno-rtti -pedantic  -fno-exceptions -c -o../globals.o ../globals.cpp
/opt/devkitpro/devkitARM/bin/arm-none-eabi-g++ -I../libretro -I../libretro/libretro-common/include -I.. -I../apu/ -I../apu/bapu -I../libretro/ap -I../libretro/ap/mbedtls/include -include ../libretro/ap/ap_mbedtls_prefix.h -I/opt/devkitpro/libctru/include -I../libretro/ap/zlib -DMBEDTLS_USER_CONFIG_FILE=\"ap_mbedtls_config.h\" -include ../libretro/ap/ap_zlib_prefix.h   -DARM11 -D_3DS -march=armv6k -mtune=mpcore -mfloat-abi=hard -Wall -mword-relocations -fomit-frame-pointer -ffast-math -O3 -DNDEBUG -fno-strict-aliasing -DSTATIC_LINKING -fomit-frame-pointer -Wall -W -Wno-unused-parameter -Wno-missing-field-initializers  -D__LIBRETRO__ -DALLOW_CPU_OVERCLOCK -DHAVE_STRINGS_H -fno-rtti -pedantic  -fno-exceptions -c -o../loadzip.o ../loadzip.cpp
/opt/devkitpro/devkitARM/bin/arm-none-eabi-g++ -I../libretro -I../libretro/libretro-common/include -I.. -I../apu/ -I../apu/bapu -I../libretro/ap -I../libretro/ap/mbedtls/include -include ../libretro/ap/ap_mbedtls_prefix.h -I/opt/devkitpro/libctru/include -I../libretro/ap/zlib -DMBEDTLS_USER_CONFIG_FILE=\"ap_mbedtls_config.h\" -include ../libretro/ap/ap_zlib_prefix.h   -DARM11 -D_3DS -march=armv6k -mtune=mpcore -mfloat-abi=hard -Wall -mword-relocations -fomit-frame-pointer -ffast-math -O3 -DNDEBUG -fno-strict-aliasing -DSTATIC_LINKING -fomit-frame-pointer -Wall -W -Wno-unused-parameter -Wno-missing-field-initializers  -D__LIBRETRO__ -DALLOW_CPU_OVERCLOCK -DHAVE_STRINGS_H -fno-rtti -pedantic  -fno-exceptions -c -o../memmap.o ../memmap.cpp
/opt/devkitpro/devkitARM/bin/arm-none-eabi-g++ -I../libretro -I../libretro/libretro-common/include -I.. -I../apu/ -I../apu/bapu -I../libretro/ap -I../libretro/ap/mbedtls/include -include ../libretro/ap/ap_mbedtls_prefix.h -I/opt/devkitpro/libctru/include -I../libretro/ap/zlib -DMBEDTLS_USER_CONFIG_FILE=\"ap_mbedtls_config.h\" -include ../libretro/ap/ap_zlib_prefix.h   -DARM11 -D_3DS -march=armv6k -mtune=mpcore -mfloat-abi=hard -Wall -mword-relocations -fomit-frame-pointer -ffast-math -O3 -DNDEBUG -fno-strict-aliasing -DSTATIC_LINKING -fomit-frame-pointer -Wall -W -Wno-unused-parameter -Wno-missing-field-initializers  -D__LIBRETRO__ -DALLOW_CPU_OVERCLOCK -DHAVE_STRINGS_H -fno-rtti -pedantic  -fno-exceptions -c -o../ppu.o ../ppu.cpp
../memmap.cpp: In member function 'void CMemory::InitROM()':
../memmap.cpp:2481:79: warning: format '%X' expects argument of type 'unsigned int', but argument 11 has type 'uint32' {aka 'long unsigned int'} [-Wformat=]
 2481 |         sprintf(String, "\"%s\" [%s] %s, %s, %s, %s, SRAM:%s, ID:%s, CRC32:%08X",
      |                                                                            ~~~^
      |                                                                               |
      |                                                                               unsigned int
      |                                                                            %08lX
......
 2489 |                 MapType(), Size(), KartContents(), Settings.PAL ? "PAL" : "NTSC", StaticRAMSize(), ROMId, ROMCRC32);
      |                                                                                                           ~~~~~~~~
      |                                                                                                           |
      |                                                                                                           uint32 {aka long unsigned int}
../memmap.cpp: In member function 'const char* CMemory::StaticRAMSize()':
../memmap.cpp:3314:32: warning: format '%d' expects argument of type 'int', but argument 3 has type 'long unsigned int' [-Wformat=]
 3314 |                 sprintf(str, "%d Kbit", 8 * (SRAMMask + 1) / 1024);
      |                               ~^        ~~~~~~~~~~~~~~~~~~~~~~~~~
      |                                |                           |
      |                                int                         long unsigned int
      |                               %ld
../memmap.cpp: In member function 'void CMemory::MakeRomInfoText(char*)':
../memmap.cpp:3461:50: warning: format '%d' expects argument of type 'int', but argument 3 has type 'long unsigned int' [-Wformat=]
 3461 |         sprintf(temp, "\n    Size (calculated): %dMbits", CalculatedSize / 0x20000);
      |                                                 ~^        ~~~~~~~~~~~~~~~~~~~~~~~~
      |                                                  |                       |
      |                                                  int                     long unsigned int
      |                                                 %ld
../memmap.cpp:3467:54: warning: format '%X' expects argument of type 'unsigned int', but argument 3 has type 'uint32' {aka 'long unsigned int'} [-Wformat=]
 3467 |         sprintf(temp, "\nChecksum (calculated): 0x%04X", CalculatedChecksum);
      |                                                   ~~~^   ~~~~~~~~~~~~~~~~~~
      |                                                      |   |
      |                                                      |   uint32 {aka long unsigned int}
      |                                                      unsigned int
      |                                                   %04lX
../memmap.cpp:3469:54: warning: format '%X' expects argument of type 'unsigned int', but argument 3 has type 'uint32' {aka 'long unsigned int'} [-Wformat=]
 3469 |         sprintf(temp, "\n    Checksum (header): 0x%04X", ROMChecksum);
      |                                                   ~~~^   ~~~~~~~~~~~
      |                                                      |   |
      |                                                      |   uint32 {aka long unsigned int}
      |                                                      unsigned int
      |                                                   %04lX
../memmap.cpp:3471:54: warning: format '%X' expects argument of type 'unsigned int', but argument 3 has type 'uint32' {aka 'long unsigned int'} [-Wformat=]
 3471 |         sprintf(temp, "\n  Complement (header): 0x%04X", ROMComplementChecksum);
      |                                                   ~~~^   ~~~~~~~~~~~~~~~~~~~~~
      |                                                      |   |
      |                                                      |   uint32 {aka long unsigned int}
      |                                                      unsigned int
      |                                                   %04lX
../memmap.cpp:3481:54: warning: format '%X' expects argument of type 'unsigned int', but argument 3 has type 'uint32' {aka 'long unsigned int'} [-Wformat=]
 3481 |         sprintf(temp, "\n                CRC32: 0x%08X", ROMCRC32);
      |                                                   ~~~^   ~~~~~~~~
      |                                                      |   |
      |                                                      |   uint32 {aka long unsigned int}
      |                                                      unsigned int
      |                                                   %08lX
../memmap.cpp: In member function 'void CMemory::ApplyROMFixes()':
../memmap.cpp:3538:36: warning: format '%d' expects argument of type 'int', but argument 2 has type 'int32' {aka 'long int'} [-Wformat=]
 3538 |                 printf("DMA sync: %d\n", Timings.DMACPUSync);
      |                                   ~^     ~~~~~~~~~~~~~~~~~~
      |                                    |             |
      |                                    int           int32 {aka long int}
      |                                   %ld
/opt/devkitpro/devkitARM/bin/arm-none-eabi-g++ -I../libretro -I../libretro/libretro-common/include -I.. -I../apu/ -I../apu/bapu -I../libretro/ap -I../libretro/ap/mbedtls/include -include ../libretro/ap/ap_mbedtls_prefix.h -I/opt/devkitpro/libctru/include -I../libretro/ap/zlib -DMBEDTLS_USER_CONFIG_FILE=\"ap_mbedtls_config.h\" -include ../libretro/ap/ap_zlib_prefix.h   -DARM11 -D_3DS -march=armv6k -mtune=mpcore -mfloat-abi=hard -Wall -mword-relocations -fomit-frame-pointer -ffast-math -O3 -DNDEBUG -fno-strict-aliasing -DSTATIC_LINKING -fomit-frame-pointer -Wall -W -Wno-unused-parameter -Wno-missing-field-initializers  -D__LIBRETRO__ -DALLOW_CPU_OVERCLOCK -DHAVE_STRINGS_H -fno-rtti -pedantic  -fno-exceptions -c -o../sa1.o ../sa1.cpp
../memmap.cpp: In function 'bool8 ReadIPSPatch(ByteStream*, long int, int32&)':
../memmap.cpp:3809:26: warning: 'c' may be used uninitialized [-Wmaybe-uninitialized]
 3809 |                 fname[i] = (char) c;
      |                 ~~~~~~~~~^~~~~~~~~~
In file included from ../memmap.cpp:42:
../bytestream.h:67:15: note: 'c' was declared here
   67 |         uint8 c;
      |               ^
../bytestream.h:67:15: warning: 'c' may be used uninitialized [-Wmaybe-uninitialized]
../bytestream.h:67:15: warning: 'c' may be used uninitialized [-Wmaybe-uninitialized]
In function 'bool8 ReadIPSPatch(ByteStream*, long int, int32&)',
    inlined from 'bool8 ReadIPSPatch(ByteStream*, long int, int32&)' at ../memmap.cpp:3797:14:
../memmap.cpp:3843:51: warning: 'c' may be used uninitialized [-Wmaybe-uninitialized]
 3843 |                                 Memory.ROM[ofs++] = (uint8) rchar;
      |                                 ~~~~~~~~~~~~~~~~~~^~~~~~~~~~~~~~~
../bytestream.h: In function 'bool8 ReadIPSPatch(ByteStream*, long int, int32&)':
../bytestream.h:67:15: note: 'c' was declared here
   67 |         uint8 c;
      |               ^
../bytestream.h:67:15: warning: 'c' may be used uninitialized [-Wmaybe-uninitialized]
In function 'int bs_get_char(ByteStream*)',
    inlined from 'long int ReadInt(ByteStream*, unsigned int)' at ../memmap.cpp:3788:22,
    inlined from 'bool8 ReadIPSPatch(ByteStream*, long int, int32&)' at ../memmap.cpp:3870:15,
    inlined from 'bool8 ReadIPSPatch(ByteStream*, long int, int32&)' at ../memmap.cpp:3797:14:
../bytestream.h:70:24: warning: 'c' may be used uninitialized [-Wmaybe-uninitialized]
   70 |         return ((int) c);
      |                        ^
../bytestream.h: In function 'bool8 ReadIPSPatch(ByteStream*, long int, int32&)':
../bytestream.h:67:15: note: 'c' was declared here
   67 |         uint8 c;
      |               ^
In function 'bool8 ReadIPSPatch(ByteStream*, long int, int32&)',
    inlined from 'bool8 ReadIPSPatch(ByteStream*, long int, int32&)' at ../memmap.cpp:3797:14:
../memmap.cpp:3863:51: warning: 'c' may be used uninitialized [-Wmaybe-uninitialized]
 3863 |                                 Memory.ROM[ofs++] = (uint8) rchar;
      |                                 ~~~~~~~~~~~~~~~~~~^~~~~~~~~~~~~~~
../bytestream.h: In function 'bool8 ReadIPSPatch(ByteStream*, long int, int32&)':
../bytestream.h:67:15: note: 'c' was declared here
   67 |         uint8 c;
      |               ^
/opt/devkitpro/devkitARM/bin/arm-none-eabi-g++ -I../libretro -I../libretro/libretro-common/include -I.. -I../apu/ -I../apu/bapu -I../libretro/ap -I../libretro/ap/mbedtls/include -include ../libretro/ap/ap_mbedtls_prefix.h -I/opt/devkitpro/libctru/include -I../libretro/ap/zlib -DMBEDTLS_USER_CONFIG_FILE=\"ap_mbedtls_config.h\" -include ../libretro/ap/ap_zlib_prefix.h   -DARM11 -D_3DS -march=armv6k -mtune=mpcore -mfloat-abi=hard -Wall -mword-relocations -fomit-frame-pointer -ffast-math -O3 -DNDEBUG -fno-strict-aliasing -DSTATIC_LINKING -fomit-frame-pointer -Wall -W -Wno-unused-parameter -Wno-missing-field-initializers  -D__LIBRETRO__ -DALLOW_CPU_OVERCLOCK -DHAVE_STRINGS_H -fno-rtti -pedantic  -fno-exceptions -c -o../sa1cpu.o ../sa1cpu.cpp
/opt/devkitpro/devkitARM/bin/arm-none-eabi-g++ -I../libretro -I../libretro/libretro-common/include -I.. -I../apu/ -I../apu/bapu -I../libretro/ap -I../libretro/ap/mbedtls/include -include ../libretro/ap/ap_mbedtls_prefix.h -I/opt/devkitpro/libctru/include -I../libretro/ap/zlib -DMBEDTLS_USER_CONFIG_FILE=\"ap_mbedtls_config.h\" -include ../libretro/ap/ap_zlib_prefix.h   -DARM11 -D_3DS -march=armv6k -mtune=mpcore -mfloat-abi=hard -Wall -mword-relocations -fomit-frame-pointer -ffast-math -O3 -DNDEBUG -fno-strict-aliasing -DSTATIC_LINKING -fomit-frame-pointer -Wall -W -Wno-unused-parameter -Wno-missing-field-initializers  -D__LIBRETRO__ -DALLOW_CPU_OVERCLOCK -DHAVE_STRINGS_H -fno-rtti -pedantic  -fno-exceptions -c -o../snapshot.o ../snapshot.cpp
In function 'bool CheckBlockName(ByteStream*, const char*, int&)',
    inlined from 'int UnfreezeBlockCopy.constprop(ByteStream*, const char*, uint8**, int)' at ../snapshot.cpp:1856:21:
../snapshot.cpp:1751:21: warning: 'buffer' may be used uninitialized [-Wmaybe-uninitialized]
 1751 |         if (buffer[4] == '-')
      |             ~~~~~~~~^
../snapshot.cpp: In function 'int UnfreezeBlockCopy.constprop(ByteStream*, const char*, uint8**, int)':
../snapshot.cpp:1744:17: note: 'buffer' declared here
 1744 |         char    buffer[16];
      |                 ^~~~~~
In function 'bool CheckBlockName(ByteStream*, const char*, int&)',
    inlined from 'int UnfreezeBlockCopy.constprop(ByteStream*, const char*, uint8**, int)' at ../snapshot.cpp:1856:21:
../snapshot.cpp:1759:27: warning: 'buffer' may be used uninitialized [-Wmaybe-uninitialized]
 1759 |                 len = atoi(buffer + 4);
      |                       ~~~~^~~~~~~~~~~~
In file included from /opt/devkitpro/devkitARM/arm-none-eabi/include/c++/16.1.0/cstdlib:83,
                 from /opt/devkitpro/devkitARM/arm-none-eabi/include/c++/16.1.0/stdlib.h:36,
                 from ../port.h:11,
                 from ../snes9x.h:14,
                 from ../snapshot.cpp:8:
/opt/devkitpro/devkitARM/arm-none-eabi/include/stdlib.h: In function 'int UnfreezeBlockCopy.constprop(ByteStream*, const char*, uint8**, int)':
/opt/devkitpro/devkitARM/arm-none-eabi/include/stdlib.h:81:9: note: by argument 1 of type 'const char*' to 'int atoi(const char*)' declared here
   81 | int     atoi (const char *__nptr);
      |         ^~~~
../snapshot.cpp:1744:17: note: 'buffer' declared here
 1744 |         char    buffer[16];
      |                 ^~~~~~
In function 'bool CheckBlockName(ByteStream*, const char*, int&)',
    inlined from 'int UnfreezeBlockCopy.constprop(ByteStream*, const char*, uint8**, int)' at ../snapshot.cpp:1856:21:
../snapshot.cpp:1751:21: warning: 'buffer' may be used uninitialized [-Wmaybe-uninitialized]
 1751 |         if (buffer[4] == '-')
      |             ~~~~~~~~^
../snapshot.cpp: In function 'int UnfreezeBlockCopy.constprop(ByteStream*, const char*, uint8**, int)':
../snapshot.cpp:1744:17: note: 'buffer' declared here
 1744 |         char    buffer[16];
      |                 ^~~~~~
In function 'bool CheckBlockName(ByteStream*, const char*, int&)',
    inlined from 'int UnfreezeBlockCopy.constprop(ByteStream*, const char*, uint8**, int)' at ../snapshot.cpp:1856:21:
../snapshot.cpp:1751:21: warning: 'buffer' may be used uninitialized [-Wmaybe-uninitialized]
 1751 |         if (buffer[4] == '-')
      |             ~~~~~~~~^
../snapshot.cpp: In function 'int UnfreezeBlockCopy.constprop(ByteStream*, const char*, uint8**, int)':
../snapshot.cpp:1744:17: note: 'buffer' declared here
 1744 |         char    buffer[16];
      |                 ^~~~~~
In function 'bool CheckBlockName(ByteStream*, const char*, int&)',
    inlined from 'int UnfreezeBlockCopy.constprop(ByteStream*, const char*, uint8**, int)' at ../snapshot.cpp:1856:21:
../snapshot.cpp:1759:27: warning: 'buffer' may be used uninitialized [-Wmaybe-uninitialized]
 1759 |                 len = atoi(buffer + 4);
      |                       ~~~~^~~~~~~~~~~~
/opt/devkitpro/devkitARM/arm-none-eabi/include/stdlib.h: In function 'int UnfreezeBlockCopy.constprop(ByteStream*, const char*, uint8**, int)':
/opt/devkitpro/devkitARM/arm-none-eabi/include/stdlib.h:81:9: note: by argument 1 of type 'const char*' to 'int atoi(const char*)' declared here
   81 | int     atoi (const char *__nptr);
      |         ^~~~
../snapshot.cpp:1744:17: note: 'buffer' declared here
 1744 |         char    buffer[16];
      |                 ^~~~~~
In function 'bool CheckBlockName(ByteStream*, const char*, int&)',
    inlined from 'int UnfreezeBlockCopy.constprop(ByteStream*, const char*, uint8**, int)' at ../snapshot.cpp:1856:21:
../snapshot.cpp:1759:27: warning: 'buffer' may be used uninitialized [-Wmaybe-uninitialized]
 1759 |                 len = atoi(buffer + 4);
      |                       ~~~~^~~~~~~~~~~~
/opt/devkitpro/devkitARM/arm-none-eabi/include/stdlib.h: In function 'int UnfreezeBlockCopy.constprop(ByteStream*, const char*, uint8**, int)':
/opt/devkitpro/devkitARM/arm-none-eabi/include/stdlib.h:81:9: note: by argument 1 of type 'const char*' to 'int atoi(const char*)' declared here
   81 | int     atoi (const char *__nptr);
      |         ^~~~
../snapshot.cpp:1744:17: note: 'buffer' declared here
 1744 |         char    buffer[16];
      |                 ^~~~~~
In function 'bool CheckBlockName(ByteStream*, const char*, int&)',
    inlined from 'void SkipBlockWithName(ByteStream*, const char*)' at ../snapshot.cpp:1777:35:
../snapshot.cpp:1751:21: warning: 'buffer' may be used uninitialized [-Wmaybe-uninitialized]
 1751 |         if (buffer[4] == '-')
      |             ~~~~~~~~^
../snapshot.cpp: In function 'void SkipBlockWithName(ByteStream*, const char*)':
../snapshot.cpp:1744:17: note: 'buffer' declared here
 1744 |         char    buffer[16];
      |                 ^~~~~~
In function 'bool CheckBlockName(ByteStream*, const char*, int&)',
    inlined from 'void SkipBlockWithName(ByteStream*, const char*)' at ../snapshot.cpp:1777:35:
../snapshot.cpp:1759:27: warning: 'buffer' may be used uninitialized [-Wmaybe-uninitialized]
 1759 |                 len = atoi(buffer + 4);
      |                       ~~~~^~~~~~~~~~~~
/opt/devkitpro/devkitARM/arm-none-eabi/include/stdlib.h: In function 'void SkipBlockWithName(ByteStream*, const char*)':
/opt/devkitpro/devkitARM/arm-none-eabi/include/stdlib.h:81:9: note: by argument 1 of type 'const char*' to 'int atoi(const char*)' declared here
   81 | int     atoi (const char *__nptr);
      |         ^~~~
../snapshot.cpp:1744:17: note: 'buffer' declared here
 1744 |         char    buffer[16];
      |                 ^~~~~~
In function 'bool CheckBlockName(ByteStream*, const char*, int&)',
    inlined from 'void SkipBlockWithName(ByteStream*, const char*)' at ../snapshot.cpp:1777:35:
../snapshot.cpp:1751:21: warning: 'buffer' may be used uninitialized [-Wmaybe-uninitialized]
 1751 |         if (buffer[4] == '-')
      |             ~~~~~~~~^
../snapshot.cpp: In function 'void SkipBlockWithName(ByteStream*, const char*)':
../snapshot.cpp:1744:17: note: 'buffer' declared here
 1744 |         char    buffer[16];
      |                 ^~~~~~
In function 'bool CheckBlockName(ByteStream*, const char*, int&)',
    inlined from 'void SkipBlockWithName(ByteStream*, const char*)' at ../snapshot.cpp:1777:35:
../snapshot.cpp:1751:21: warning: 'buffer' may be used uninitialized [-Wmaybe-uninitialized]
 1751 |         if (buffer[4] == '-')
      |             ~~~~~~~~^
../snapshot.cpp: In function 'void SkipBlockWithName(ByteStream*, const char*)':
../snapshot.cpp:1744:17: note: 'buffer' declared here
 1744 |         char    buffer[16];
      |                 ^~~~~~
In function 'bool CheckBlockName(ByteStream*, const char*, int&)',
    inlined from 'void SkipBlockWithName(ByteStream*, const char*)' at ../snapshot.cpp:1777:35:
../snapshot.cpp:1759:27: warning: 'buffer' may be used uninitialized [-Wmaybe-uninitialized]
 1759 |                 len = atoi(buffer + 4);
      |                       ~~~~^~~~~~~~~~~~
/opt/devkitpro/devkitARM/arm-none-eabi/include/stdlib.h: In function 'void SkipBlockWithName(ByteStream*, const char*)':
/opt/devkitpro/devkitARM/arm-none-eabi/include/stdlib.h:81:9: note: by argument 1 of type 'const char*' to 'int atoi(const char*)' declared here
   81 | int     atoi (const char *__nptr);
      |         ^~~~
../snapshot.cpp:1744:17: note: 'buffer' declared here
 1744 |         char    buffer[16];
      |                 ^~~~~~
In function 'bool CheckBlockName(ByteStream*, const char*, int&)',
    inlined from 'void SkipBlockWithName(ByteStream*, const char*)' at ../snapshot.cpp:1777:35:
../snapshot.cpp:1759:27: warning: 'buffer' may be used uninitialized [-Wmaybe-uninitialized]
 1759 |                 len = atoi(buffer + 4);
      |                       ~~~~^~~~~~~~~~~~
/opt/devkitpro/devkitARM/arm-none-eabi/include/stdlib.h: In function 'void SkipBlockWithName(ByteStream*, const char*)':
/opt/devkitpro/devkitARM/arm-none-eabi/include/stdlib.h:81:9: note: by argument 1 of type 'const char*' to 'int atoi(const char*)' declared here
   81 | int     atoi (const char *__nptr);
      |         ^~~~
../snapshot.cpp:1744:17: note: 'buffer' declared here
 1744 |         char    buffer[16];
      |                 ^~~~~~
/opt/devkitpro/devkitARM/bin/arm-none-eabi-g++ -I../libretro -I../libretro/libretro-common/include -I.. -I../apu/ -I../apu/bapu -I../libretro/ap -I../libretro/ap/mbedtls/include -include ../libretro/ap/ap_mbedtls_prefix.h -I/opt/devkitpro/libctru/include -I../libretro/ap/zlib -DMBEDTLS_USER_CONFIG_FILE=\"ap_mbedtls_config.h\" -include ../libretro/ap/ap_zlib_prefix.h   -DARM11 -D_3DS -march=armv6k -mtune=mpcore -mfloat-abi=hard -Wall -mword-relocations -fomit-frame-pointer -ffast-math -O3 -DNDEBUG -fno-strict-aliasing -DSTATIC_LINKING -fomit-frame-pointer -Wall -W -Wno-unused-parameter -Wno-missing-field-initializers  -D__LIBRETRO__ -DALLOW_CPU_OVERCLOCK -DHAVE_STRINGS_H -fno-rtti -pedantic  -fno-exceptions -c -o../sha256.o ../sha256.cpp
/opt/devkitpro/devkitARM/bin/arm-none-eabi-g++ -I../libretro -I../libretro/libretro-common/include -I.. -I../apu/ -I../apu/bapu -I../libretro/ap -I../libretro/ap/mbedtls/include -include ../libretro/ap/ap_mbedtls_prefix.h -I/opt/devkitpro/libctru/include -I../libretro/ap/zlib -DMBEDTLS_USER_CONFIG_FILE=\"ap_mbedtls_config.h\" -include ../libretro/ap/ap_zlib_prefix.h   -DARM11 -D_3DS -march=armv6k -mtune=mpcore -mfloat-abi=hard -Wall -mword-relocations -fomit-frame-pointer -ffast-math -O3 -DNDEBUG -fno-strict-aliasing -DSTATIC_LINKING -fomit-frame-pointer -Wall -W -Wno-unused-parameter -Wno-missing-field-initializers  -D__LIBRETRO__ -DALLOW_CPU_OVERCLOCK -DHAVE_STRINGS_H -fno-rtti -pedantic  -fno-exceptions -c -o../bml.o ../bml.cpp
/opt/devkitpro/devkitARM/bin/arm-none-eabi-g++ -I../libretro -I../libretro/libretro-common/include -I.. -I../apu/ -I../apu/bapu -I../libretro/ap -I../libretro/ap/mbedtls/include -include ../libretro/ap/ap_mbedtls_prefix.h -I/opt/devkitpro/libctru/include -I../libretro/ap/zlib -DMBEDTLS_USER_CONFIG_FILE=\"ap_mbedtls_config.h\" -include ../libretro/ap/ap_zlib_prefix.h   -DARM11 -D_3DS -march=armv6k -mtune=mpcore -mfloat-abi=hard -Wall -mword-relocations -fomit-frame-pointer -ffast-math -O3 -DNDEBUG -fno-strict-aliasing -DSTATIC_LINKING -fomit-frame-pointer -Wall -W -Wno-unused-parameter -Wno-missing-field-initializers  -D__LIBRETRO__ -DALLOW_CPU_OVERCLOCK -DHAVE_STRINGS_H -fno-rtti -pedantic  -fno-exceptions -c -o../fscompat.o ../fscompat.cpp
/opt/devkitpro/devkitARM/bin/arm-none-eabi-g++ -I../libretro -I../libretro/libretro-common/include -I.. -I../apu/ -I../apu/bapu -I../libretro/ap -I../libretro/ap/mbedtls/include -include ../libretro/ap/ap_mbedtls_prefix.h -I/opt/devkitpro/libctru/include -I../libretro/ap/zlib -DMBEDTLS_USER_CONFIG_FILE=\"ap_mbedtls_config.h\" -include ../libretro/ap/ap_zlib_prefix.h   -DARM11 -D_3DS -march=armv6k -mtune=mpcore -mfloat-abi=hard -Wall -mword-relocations -fomit-frame-pointer -ffast-math -O3 -DNDEBUG -fno-strict-aliasing -DSTATIC_LINKING -fomit-frame-pointer -Wall -W -Wno-unused-parameter -Wno-missing-field-initializers  -D__LIBRETRO__ -DALLOW_CPU_OVERCLOCK -DHAVE_STRINGS_H -fno-rtti -pedantic  -fno-exceptions -c -o../libretro/libretro.o ../libretro/libretro.cpp
/opt/devkitpro/devkitARM/bin/arm-none-eabi-g++ -I../libretro -I../libretro/libretro-common/include -I.. -I../apu/ -I../apu/bapu -I../libretro/ap -I../libretro/ap/mbedtls/include -include ../libretro/ap/ap_mbedtls_prefix.h -I/opt/devkitpro/libctru/include -I../libretro/ap/zlib -DMBEDTLS_USER_CONFIG_FILE=\"ap_mbedtls_config.h\" -include ../libretro/ap/ap_zlib_prefix.h   -DARM11 -D_3DS -march=armv6k -mtune=mpcore -mfloat-abi=hard -Wall -mword-relocations -fomit-frame-pointer -ffast-math -O3 -DNDEBUG -fno-strict-aliasing -DSTATIC_LINKING -fomit-frame-pointer -Wall -W -Wno-unused-parameter -Wno-missing-field-initializers  -D__LIBRETRO__ -DALLOW_CPU_OVERCLOCK -DHAVE_STRINGS_H -fno-rtti -pedantic  -fno-exceptions -c -o../libretro/ap/ap_glue.o ../libretro/ap/ap_glue.cpp
In file included from ../libretro/libretro.cpp:32:
../filter/snes_ntsc.h:152:52: warning: arithmetic between different enumeration types '<unnamed enum>' and '<unnamed enum>' is deprecated [-Wdeprecated-enum-enum-conversion]
  152 | enum { snes_ntsc_burst_size = snes_ntsc_entry_size / snes_ntsc_burst_count };
      |                               ~~~~~~~~~~~~~~~~~~~~~^~~~~~~~~~~~~~~~~~~~~~~
/opt/devkitpro/devkitARM/bin/arm-none-eabi-gcc -I../libretro -I../libretro/libretro-common/include -I.. -I../apu/ -I../apu/bapu -I../libretro/ap -I../libretro/ap/mbedtls/include -include ../libretro/ap/ap_mbedtls_prefix.h -I/opt/devkitpro/libctru/include -I../libretro/ap/zlib -DMBEDTLS_USER_CONFIG_FILE=\"ap_mbedtls_config.h\" -include ../libretro/ap/ap_zlib_prefix.h   -DARM11 -D_3DS -march=armv6k -mtune=mpcore -mfloat-abi=hard -Wall -mword-relocations -fomit-frame-pointer -ffast-math -O3 -DNDEBUG -fno-strict-aliasing -DSTATIC_LINKING -fomit-frame-pointer -Wall -W -Wno-unused-parameter -Wno-missing-field-initializers  -D__LIBRETRO__ -DALLOW_CPU_OVERCLOCK -c -o../c4emu.o ../c4emu.c
/opt/devkitpro/devkitARM/bin/arm-none-eabi-gcc -I../libretro -I../libretro/libretro-common/include -I.. -I../apu/ -I../apu/bapu -I../libretro/ap -I../libretro/ap/mbedtls/include -include ../libretro/ap/ap_mbedtls_prefix.h -I/opt/devkitpro/libctru/include -I../libretro/ap/zlib -DMBEDTLS_USER_CONFIG_FILE=\"ap_mbedtls_config.h\" -include ../libretro/ap/ap_zlib_prefix.h   -DARM11 -D_3DS -march=armv6k -mtune=mpcore -mfloat-abi=hard -Wall -mword-relocations -fomit-frame-pointer -ffast-math -O3 -DNDEBUG -fno-strict-aliasing -DSTATIC_LINKING -fomit-frame-pointer -Wall -W -Wno-unused-parameter -Wno-missing-field-initializers  -D__LIBRETRO__ -DALLOW_CPU_OVERCLOCK -c -o../msu1.o ../msu1.c
/opt/devkitpro/devkitARM/bin/arm-none-eabi-gcc -I../libretro -I../libretro/libretro-common/include -I.. -I../apu/ -I../apu/bapu -I../libretro/ap -I../libretro/ap/mbedtls/include -include ../libretro/ap/ap_mbedtls_prefix.h -I/opt/devkitpro/libctru/include -I../libretro/ap/zlib -DMBEDTLS_USER_CONFIG_FILE=\"ap_mbedtls_config.h\" -include ../libretro/ap/ap_zlib_prefix.h   -DARM11 -D_3DS -march=armv6k -mtune=mpcore -mfloat-abi=hard -Wall -mword-relocations -fomit-frame-pointer -ffast-math -O3 -DNDEBUG -fno-strict-aliasing -DSTATIC_LINKING -fomit-frame-pointer -Wall -W -Wno-unused-parameter -Wno-missing-field-initializers  -D__LIBRETRO__ -DALLOW_CPU_OVERCLOCK -c -o../zipfile.o ../zipfile.c
/opt/devkitpro/devkitARM/bin/arm-none-eabi-gcc -I../libretro -I../libretro/libretro-common/include -I.. -I../apu/ -I../apu/bapu -I../libretro/ap -I../libretro/ap/mbedtls/include -include ../libretro/ap/ap_mbedtls_prefix.h -I/opt/devkitpro/libctru/include -I../libretro/ap/zlib -DMBEDTLS_USER_CONFIG_FILE=\"ap_mbedtls_config.h\" -include ../libretro/ap/ap_zlib_prefix.h   -DARM11 -D_3DS -march=armv6k -mtune=mpcore -mfloat-abi=hard -Wall -mword-relocations -fomit-frame-pointer -ffast-math -O3 -DNDEBUG -fno-strict-aliasing -DSTATIC_LINKING -fomit-frame-pointer -Wall -W -Wno-unused-parameter -Wno-missing-field-initializers  -D__LIBRETRO__ -DALLOW_CPU_OVERCLOCK -c -o../srtc.o ../srtc.c
/opt/devkitpro/devkitARM/bin/arm-none-eabi-gcc -I../libretro -I../libretro/libretro-common/include -I.. -I../apu/ -I../apu/bapu -I../libretro/ap -I../libretro/ap/mbedtls/include -include ../libretro/ap/ap_mbedtls_prefix.h -I/opt/devkitpro/libctru/include -I../libretro/ap/zlib -DMBEDTLS_USER_CONFIG_FILE=\"ap_mbedtls_config.h\" -include ../libretro/ap/ap_zlib_prefix.h   -DARM11 -D_3DS -march=armv6k -mtune=mpcore -mfloat-abi=hard -Wall -mword-relocations -fomit-frame-pointer -ffast-math -O3 -DNDEBUG -fno-strict-aliasing -DSTATIC_LINKING -fomit-frame-pointer -Wall -W -Wno-unused-parameter -Wno-missing-field-initializers  -D__LIBRETRO__ -DALLOW_CPU_OVERCLOCK -c -o../obc1.o ../obc1.c
/opt/devkitpro/devkitARM/bin/arm-none-eabi-gcc -I../libretro -I../libretro/libretro-common/include -I.. -I../apu/ -I../apu/bapu -I../libretro/ap -I../libretro/ap/mbedtls/include -include ../libretro/ap/ap_mbedtls_prefix.h -I/opt/devkitpro/libctru/include -I../libretro/ap/zlib -DMBEDTLS_USER_CONFIG_FILE=\"ap_mbedtls_config.h\" -include ../libretro/ap/ap_zlib_prefix.h   -DARM11 -D_3DS -march=armv6k -mtune=mpcore -mfloat-abi=hard -Wall -mword-relocations -fomit-frame-pointer -ffast-math -O3 -DNDEBUG -fno-strict-aliasing -DSTATIC_LINKING -fomit-frame-pointer -Wall -W -Wno-unused-parameter -Wno-missing-field-initializers  -D__LIBRETRO__ -DALLOW_CPU_OVERCLOCK -c -o../bsflash.o ../bsflash.c
/opt/devkitpro/devkitARM/bin/arm-none-eabi-gcc -I../libretro -I../libretro/libretro-common/include -I.. -I../apu/ -I../apu/bapu -I../libretro/ap -I../libretro/ap/mbedtls/include -include ../libretro/ap/ap_mbedtls_prefix.h -I/opt/devkitpro/libctru/include -I../libretro/ap/zlib -DMBEDTLS_USER_CONFIG_FILE=\"ap_mbedtls_config.h\" -include ../libretro/ap/ap_zlib_prefix.h   -DARM11 -D_3DS -march=armv6k -mtune=mpcore -mfloat-abi=hard -Wall -mword-relocations -fomit-frame-pointer -ffast-math -O3 -DNDEBUG -fno-strict-aliasing -DSTATIC_LINKING -fomit-frame-pointer -Wall -W -Wno-unused-parameter -Wno-missing-field-initializers  -D__LIBRETRO__ -DALLOW_CPU_OVERCLOCK -c -o../tile.o ../tile.c
/opt/devkitpro/devkitARM/bin/arm-none-eabi-gcc -I../libretro -I../libretro/libretro-common/include -I.. -I../apu/ -I../apu/bapu -I../libretro/ap -I../libretro/ap/mbedtls/include -include ../libretro/ap/ap_mbedtls_prefix.h -I/opt/devkitpro/libctru/include -I../libretro/ap/zlib -DMBEDTLS_USER_CONFIG_FILE=\"ap_mbedtls_config.h\" -include ../libretro/ap/ap_zlib_prefix.h   -DARM11 -D_3DS -march=armv6k -mtune=mpcore -mfloat-abi=hard -Wall -mword-relocations -fomit-frame-pointer -ffast-math -O3 -DNDEBUG -fno-strict-aliasing -DSTATIC_LINKING -fomit-frame-pointer -Wall -W -Wno-unused-parameter -Wno-missing-field-initializers  -D__LIBRETRO__ -DALLOW_CPU_OVERCLOCK -c -o../bsx.o ../bsx.c
/opt/devkitpro/devkitARM/bin/arm-none-eabi-gcc -I../libretro -I../libretro/libretro-common/include -I.. -I../apu/ -I../apu/bapu -I../libretro/ap -I../libretro/ap/mbedtls/include -include ../libretro/ap/ap_mbedtls_prefix.h -I/opt/devkitpro/libctru/include -I../libretro/ap/zlib -DMBEDTLS_USER_CONFIG_FILE=\"ap_mbedtls_config.h\" -include ../libretro/ap/ap_zlib_prefix.h   -DARM11 -D_3DS -march=armv6k -mtune=mpcore -mfloat-abi=hard -Wall -mword-relocations -fomit-frame-pointer -ffast-math -O3 -DNDEBUG -fno-strict-aliasing -DSTATIC_LINKING -fomit-frame-pointer -Wall -W -Wno-unused-parameter -Wno-missing-field-initializers  -D__LIBRETRO__ -DALLOW_CPU_OVERCLOCK -c -o../spc7110.o ../spc7110.c
/opt/devkitpro/devkitARM/bin/arm-none-eabi-gcc -I../libretro -I../libretro/libretro-common/include -I.. -I../apu/ -I../apu/bapu -I../libretro/ap -I../libretro/ap/mbedtls/include -include ../libretro/ap/ap_mbedtls_prefix.h -I/opt/devkitpro/libctru/include -I../libretro/ap/zlib -DMBEDTLS_USER_CONFIG_FILE=\"ap_mbedtls_config.h\" -include ../libretro/ap/ap_zlib_prefix.h   -DARM11 -D_3DS -march=armv6k -mtune=mpcore -mfloat-abi=hard -Wall -mword-relocations -fomit-frame-pointer -ffast-math -O3 -DNDEBUG -fno-strict-aliasing -DSTATIC_LINKING -fomit-frame-pointer -Wall -W -Wno-unused-parameter -Wno-missing-field-initializers  -D__LIBRETRO__ -DALLOW_CPU_OVERCLOCK -c -o../fxemu.o ../fxemu.c
/opt/devkitpro/devkitARM/bin/arm-none-eabi-gcc -I../libretro -I../libretro/libretro-common/include -I.. -I../apu/ -I../apu/bapu -I../libretro/ap -I../libretro/ap/mbedtls/include -include ../libretro/ap/ap_mbedtls_prefix.h -I/opt/devkitpro/libctru/include -I../libretro/ap/zlib -DMBEDTLS_USER_CONFIG_FILE=\"ap_mbedtls_config.h\" -include ../libretro/ap/ap_zlib_prefix.h   -DARM11 -D_3DS -march=armv6k -mtune=mpcore -mfloat-abi=hard -Wall -mword-relocations -fomit-frame-pointer -ffast-math -O3 -DNDEBUG -fno-strict-aliasing -DSTATIC_LINKING -fomit-frame-pointer -Wall -W -Wno-unused-parameter -Wno-missing-field-initializers  -D__LIBRETRO__ -DALLOW_CPU_OVERCLOCK -c -o../sdd1.o ../sdd1.c
/opt/devkitpro/devkitARM/bin/arm-none-eabi-gcc -I../libretro -I../libretro/libretro-common/include -I.. -I../apu/ -I../apu/bapu -I../libretro/ap -I../libretro/ap/mbedtls/include -include ../libretro/ap/ap_mbedtls_prefix.h -I/opt/devkitpro/libctru/include -I../libretro/ap/zlib -DMBEDTLS_USER_CONFIG_FILE=\"ap_mbedtls_config.h\" -include ../libretro/ap/ap_zlib_prefix.h   -DARM11 -D_3DS -march=armv6k -mtune=mpcore -mfloat-abi=hard -Wall -mword-relocations -fomit-frame-pointer -ffast-math -O3 -DNDEBUG -fno-strict-aliasing -DSTATIC_LINKING -fomit-frame-pointer -Wall -W -Wno-unused-parameter -Wno-missing-field-initializers  -D__LIBRETRO__ -DALLOW_CPU_OVERCLOCK -c -o../seta.o ../seta.c
/opt/devkitpro/devkitARM/bin/arm-none-eabi-gcc -I../libretro -I../libretro/libretro-common/include -I.. -I../apu/ -I../apu/bapu -I../libretro/ap -I../libretro/ap/mbedtls/include -include ../libretro/ap/ap_mbedtls_prefix.h -I/opt/devkitpro/libctru/include -I../libretro/ap/zlib -DMBEDTLS_USER_CONFIG_FILE=\"ap_mbedtls_config.h\" -include ../libretro/ap/ap_zlib_prefix.h   -DARM11 -D_3DS -march=armv6k -mtune=mpcore -mfloat-abi=hard -Wall -mword-relocations -fomit-frame-pointer -ffast-math -O3 -DNDEBUG -fno-strict-aliasing -DSTATIC_LINKING -fomit-frame-pointer -Wall -W -Wno-unused-parameter -Wno-missing-field-initializers  -D__LIBRETRO__ -DALLOW_CPU_OVERCLOCK -c -o../sa1hw.o ../sa1hw.c
/opt/devkitpro/devkitARM/bin/arm-none-eabi-gcc -I../libretro -I../libretro/libretro-common/include -I.. -I../apu/ -I../apu/bapu -I../libretro/ap -I../libretro/ap/mbedtls/include -include ../libretro/ap/ap_mbedtls_prefix.h -I/opt/devkitpro/libctru/include -I../libretro/ap/zlib -DMBEDTLS_USER_CONFIG_FILE=\"ap_mbedtls_config.h\" -include ../libretro/ap/ap_zlib_prefix.h   -DARM11 -D_3DS -march=armv6k -mtune=mpcore -mfloat-abi=hard -Wall -mword-relocations -fomit-frame-pointer -ffast-math -O3 -DNDEBUG -fno-strict-aliasing -DSTATIC_LINKING -fomit-frame-pointer -Wall -W -Wno-unused-parameter -Wno-missing-field-initializers  -D__LIBRETRO__ -DALLOW_CPU_OVERCLOCK -c -o../dsp.o ../dsp.c
/opt/devkitpro/devkitARM/bin/arm-none-eabi-gcc -I../libretro -I../libretro/libretro-common/include -I.. -I../apu/ -I../apu/bapu -I../libretro/ap -I../libretro/ap/mbedtls/include -include ../libretro/ap/ap_mbedtls_prefix.h -I/opt/devkitpro/libctru/include -I../libretro/ap/zlib -DMBEDTLS_USER_CONFIG_FILE=\"ap_mbedtls_config.h\" -include ../libretro/ap/ap_zlib_prefix.h   -DARM11 -D_3DS -march=armv6k -mtune=mpcore -mfloat-abi=hard -Wall -mword-relocations -fomit-frame-pointer -ffast-math -O3 -DNDEBUG -fno-strict-aliasing -DSTATIC_LINKING -fomit-frame-pointer -Wall -W -Wno-unused-parameter -Wno-missing-field-initializers  -D__LIBRETRO__ -DALLOW_CPU_OVERCLOCK -c -o../filter/snes_ntsc.o ../filter/snes_ntsc.c
/opt/devkitpro/devkitARM/bin/arm-none-eabi-gcc -I../libretro -I../libretro/libretro-common/include -I.. -I../apu/ -I../apu/bapu -I../libretro/ap -I../libretro/ap/mbedtls/include -include ../libretro/ap/ap_mbedtls_prefix.h -I/opt/devkitpro/libctru/include -I../libretro/ap/zlib -DMBEDTLS_USER_CONFIG_FILE=\"ap_mbedtls_config.h\" -include ../libretro/ap/ap_zlib_prefix.h   -DARM11 -D_3DS -march=armv6k -mtune=mpcore -mfloat-abi=hard -Wall -mword-relocations -fomit-frame-pointer -ffast-math -O3 -DNDEBUG -fno-strict-aliasing -DSTATIC_LINKING -fomit-frame-pointer -Wall -W -Wno-unused-parameter -Wno-missing-field-initializers  -D__LIBRETRO__ -DALLOW_CPU_OVERCLOCK -c -o../libretro/ap/ap_client.o ../libretro/ap/ap_client.c
In file included from ../libretro/ap/ap_platform.h:9,
                 from ../libretro/ap/ap_client.c:17:
/opt/devkitpro/libctru/include/3ds.h:12:2: warning: #warning "Please update your Makefile and replace -DARM11 -D_3DS with -D__3DS__" [-Wcpp]
   12 | #warning "Please update your Makefile and replace -DARM11 -D_3DS with -D__3DS__"
      |  ^~~~~~~
../libretro/ap/ap_client.c: In function 'net_thread':
../libretro/ap/ap_client.c:244:40: warning: '%s' directive output may be truncated writing up to 3071 bytes into a region of size 1024 [-Wformat-truncation=]
  244 |       snprintf(found_path, found_len, "%s", g_cfg_paths[i]);
      |                                        ^~
In function 'load_config',
    inlined from 'net_thread' at ../libretro/ap/ap_client.c:745:12:
../libretro/ap/ap_client.c:244:7: note: 'snprintf' output between 1 and 3072 bytes into a destination of size 1024
  244 |       snprintf(found_path, found_len, "%s", g_cfg_paths[i]);
      |       ^~~~~~~~~~~~~~~~~~~~~~~~~~~~~~~~~~~~~~~~~~~~~~~~~~~~~
../libretro/ap/ap_client.c: In function 'net_thread':
../libretro/ap/ap_client.c:784:51: warning: '%s' directive output may be truncated writing up to 199 bytes into a region of size 160 [-Wformat-truncation=]
  784 |             snprintf(last_err, sizeof(last_err), "%s", full);
      |                                                   ^~   ~~~~
../libretro/ap/ap_client.c:784:13: note: 'snprintf' output between 1 and 200 bytes into a destination of size 160
  784 |             snprintf(last_err, sizeof(last_err), "%s", full);
      |             ^~~~~~~~~~~~~~~~~~~~~~~~~~~~~~~~~~~~~~~~~~~~~~~~
../libretro/ap/ap_client.c:281:43: warning: '%s' directive output may be truncated writing up to 3071 bytes into a region of size 1024 [-Wformat-truncation=]
  281 |          snprintf(found_path, found_len, "%s", g_cfg_paths[i]);
      |                                           ^~
In function 'load_config',
    inlined from 'net_thread' at ../libretro/ap/ap_client.c:745:12:
../libretro/ap/ap_client.c:281:10: note: 'snprintf' output between 1 and 3072 bytes into a destination of size 1024
  281 |          snprintf(found_path, found_len, "%s", g_cfg_paths[i]);
      |          ^~~~~~~~~~~~~~~~~~~~~~~~~~~~~~~~~~~~~~~~~~~~~~~~~~~~~
/opt/devkitpro/devkitARM/bin/arm-none-eabi-gcc -I../libretro -I../libretro/libretro-common/include -I.. -I../apu/ -I../apu/bapu -I../libretro/ap -I../libretro/ap/mbedtls/include -include ../libretro/ap/ap_mbedtls_prefix.h -I/opt/devkitpro/libctru/include -I../libretro/ap/zlib -DMBEDTLS_USER_CONFIG_FILE=\"ap_mbedtls_config.h\" -include ../libretro/ap/ap_zlib_prefix.h   -DARM11 -D_3DS -march=armv6k -mtune=mpcore -mfloat-abi=hard -Wall -mword-relocations -fomit-frame-pointer -ffast-math -O3 -DNDEBUG -fno-strict-aliasing -DSTATIC_LINKING -fomit-frame-pointer -Wall -W -Wno-unused-parameter -Wno-missing-field-initializers  -D__LIBRETRO__ -DALLOW_CPU_OVERCLOCK -c -o../libretro/ap/ap_ws.o ../libretro/ap/ap_ws.c
In file included from ../libretro/ap/ap_platform.h:9,
                 from ../libretro/ap/ap_ws.c:33:
/opt/devkitpro/libctru/include/3ds.h:12:2: warning: #warning "Please update your Makefile and replace -DARM11 -D_3DS with -D__3DS__" [-Wcpp]
   12 | #warning "Please update your Makefile and replace -DARM11 -D_3DS with -D__3DS__"
      |  ^~~~~~~
/opt/devkitpro/devkitARM/bin/arm-none-eabi-gcc -I../libretro -I../libretro/libretro-common/include -I.. -I../apu/ -I../apu/bapu -I../libretro/ap -I../libretro/ap/mbedtls/include -include ../libretro/ap/ap_mbedtls_prefix.h -I/opt/devkitpro/libctru/include -I../libretro/ap/zlib -DMBEDTLS_USER_CONFIG_FILE=\"ap_mbedtls_config.h\" -include ../libretro/ap/ap_zlib_prefix.h   -DARM11 -D_3DS -march=armv6k -mtune=mpcore -mfloat-abi=hard -Wall -mword-relocations -fomit-frame-pointer -ffast-math -O3 -DNDEBUG -fno-strict-aliasing -DSTATIC_LINKING -fomit-frame-pointer -Wall -W -Wno-unused-parameter -Wno-missing-field-initializers  -D__LIBRETRO__ -DALLOW_CPU_OVERCLOCK -c -o../libretro/ap/cJSON.o ../libretro/ap/cJSON.c
/opt/devkitpro/devkitARM/bin/arm-none-eabi-gcc -I../libretro -I../libretro/libretro-common/include -I.. -I../apu/ -I../apu/bapu -I../libretro/ap -I../libretro/ap/mbedtls/include -include ../libretro/ap/ap_mbedtls_prefix.h -I/opt/devkitpro/libctru/include -I../libretro/ap/zlib -DMBEDTLS_USER_CONFIG_FILE=\"ap_mbedtls_config.h\" -include ../libretro/ap/ap_zlib_prefix.h   -DARM11 -D_3DS -march=armv6k -mtune=mpcore -mfloat-abi=hard -Wall -mword-relocations -fomit-frame-pointer -ffast-math -O3 -DNDEBUG -fno-strict-aliasing -DSTATIC_LINKING -fomit-frame-pointer -Wall -W -Wno-unused-parameter -Wno-missing-field-initializers  -D__LIBRETRO__ -DALLOW_CPU_OVERCLOCK -c -o../libretro/ap/zlib/adler32.o ../libretro/ap/zlib/adler32.c
/opt/devkitpro/devkitARM/bin/arm-none-eabi-gcc -I../libretro -I../libretro/libretro-common/include -I.. -I../apu/ -I../apu/bapu -I../libretro/ap -I../libretro/ap/mbedtls/include -include ../libretro/ap/ap_mbedtls_prefix.h -I/opt/devkitpro/libctru/include -I../libretro/ap/zlib -DMBEDTLS_USER_CONFIG_FILE=\"ap_mbedtls_config.h\" -include ../libretro/ap/ap_zlib_prefix.h   -DARM11 -D_3DS -march=armv6k -mtune=mpcore -mfloat-abi=hard -Wall -mword-relocations -fomit-frame-pointer -ffast-math -O3 -DNDEBUG -fno-strict-aliasing -DSTATIC_LINKING -fomit-frame-pointer -Wall -W -Wno-unused-parameter -Wno-missing-field-initializers  -D__LIBRETRO__ -DALLOW_CPU_OVERCLOCK -c -o../libretro/ap/zlib/crc32.o ../libretro/ap/zlib/crc32.c
/opt/devkitpro/devkitARM/bin/arm-none-eabi-gcc -I../libretro -I../libretro/libretro-common/include -I.. -I../apu/ -I../apu/bapu -I../libretro/ap -I../libretro/ap/mbedtls/include -include ../libretro/ap/ap_mbedtls_prefix.h -I/opt/devkitpro/libctru/include -I../libretro/ap/zlib -DMBEDTLS_USER_CONFIG_FILE=\"ap_mbedtls_config.h\" -include ../libretro/ap/ap_zlib_prefix.h   -DARM11 -D_3DS -march=armv6k -mtune=mpcore -mfloat-abi=hard -Wall -mword-relocations -fomit-frame-pointer -ffast-math -O3 -DNDEBUG -fno-strict-aliasing -DSTATIC_LINKING -fomit-frame-pointer -Wall -W -Wno-unused-parameter -Wno-missing-field-initializers  -D__LIBRETRO__ -DALLOW_CPU_OVERCLOCK -c -o../libretro/ap/zlib/inffast.o ../libretro/ap/zlib/inffast.c
/opt/devkitpro/devkitARM/bin/arm-none-eabi-gcc -I../libretro -I../libretro/libretro-common/include -I.. -I../apu/ -I../apu/bapu -I../libretro/ap -I../libretro/ap/mbedtls/include -include ../libretro/ap/ap_mbedtls_prefix.h -I/opt/devkitpro/libctru/include -I../libretro/ap/zlib -DMBEDTLS_USER_CONFIG_FILE=\"ap_mbedtls_config.h\" -include ../libretro/ap/ap_zlib_prefix.h   -DARM11 -D_3DS -march=armv6k -mtune=mpcore -mfloat-abi=hard -Wall -mword-relocations -fomit-frame-pointer -ffast-math -O3 -DNDEBUG -fno-strict-aliasing -DSTATIC_LINKING -fomit-frame-pointer -Wall -W -Wno-unused-parameter -Wno-missing-field-initializers  -D__LIBRETRO__ -DALLOW_CPU_OVERCLOCK -c -o../libretro/ap/zlib/inflate.o ../libretro/ap/zlib/inflate.c
/opt/devkitpro/devkitARM/bin/arm-none-eabi-gcc -I../libretro -I../libretro/libretro-common/include -I.. -I../apu/ -I../apu/bapu -I../libretro/ap -I../libretro/ap/mbedtls/include -include ../libretro/ap/ap_mbedtls_prefix.h -I/opt/devkitpro/libctru/include -I../libretro/ap/zlib -DMBEDTLS_USER_CONFIG_FILE=\"ap_mbedtls_config.h\" -include ../libretro/ap/ap_zlib_prefix.h   -DARM11 -D_3DS -march=armv6k -mtune=mpcore -mfloat-abi=hard -Wall -mword-relocations -fomit-frame-pointer -ffast-math -O3 -DNDEBUG -fno-strict-aliasing -DSTATIC_LINKING -fomit-frame-pointer -Wall -W -Wno-unused-parameter -Wno-missing-field-initializers  -D__LIBRETRO__ -DALLOW_CPU_OVERCLOCK -c -o../libretro/ap/zlib/inftrees.o ../libretro/ap/zlib/inftrees.c
/opt/devkitpro/devkitARM/bin/arm-none-eabi-gcc -I../libretro -I../libretro/libretro-common/include -I.. -I../apu/ -I../apu/bapu -I../libretro/ap -I../libretro/ap/mbedtls/include -include ../libretro/ap/ap_mbedtls_prefix.h -I/opt/devkitpro/libctru/include -I../libretro/ap/zlib -DMBEDTLS_USER_CONFIG_FILE=\"ap_mbedtls_config.h\" -include ../libretro/ap/ap_zlib_prefix.h   -DARM11 -D_3DS -march=armv6k -mtune=mpcore -mfloat-abi=hard -Wall -mword-relocations -fomit-frame-pointer -ffast-math -O3 -DNDEBUG -fno-strict-aliasing -DSTATIC_LINKING -fomit-frame-pointer -Wall -W -Wno-unused-parameter -Wno-missing-field-initializers  -D__LIBRETRO__ -DALLOW_CPU_OVERCLOCK -c -o../libretro/ap/zlib/zutil.o ../libretro/ap/zlib/zutil.c
/opt/devkitpro/devkitARM/bin/arm-none-eabi-gcc -I../libretro -I../libretro/libretro-common/include -I.. -I../apu/ -I../apu/bapu -I../libretro/ap -I../libretro/ap/mbedtls/include -include ../libretro/ap/ap_mbedtls_prefix.h -I/opt/devkitpro/libctru/include -I../libretro/ap/zlib -DMBEDTLS_USER_CONFIG_FILE=\"ap_mbedtls_config.h\" -include ../libretro/ap/ap_zlib_prefix.h   -DARM11 -D_3DS -march=armv6k -mtune=mpcore -mfloat-abi=hard -Wall -mword-relocations -fomit-frame-pointer -ffast-math -O3 -DNDEBUG -fno-strict-aliasing -DSTATIC_LINKING -fomit-frame-pointer -Wall -W -Wno-unused-parameter -Wno-missing-field-initializers  -D__LIBRETRO__ -DALLOW_CPU_OVERCLOCK -c -o../libretro/ap/mbedtls/library/aes.o ../libretro/ap/mbedtls/library/aes.c
/opt/devkitpro/devkitARM/bin/arm-none-eabi-gcc -I../libretro -I../libretro/libretro-common/include -I.. -I../apu/ -I../apu/bapu -I../libretro/ap -I../libretro/ap/mbedtls/include -include ../libretro/ap/ap_mbedtls_prefix.h -I/opt/devkitpro/libctru/include -I../libretro/ap/zlib -DMBEDTLS_USER_CONFIG_FILE=\"ap_mbedtls_config.h\" -include ../libretro/ap/ap_zlib_prefix.h   -DARM11 -D_3DS -march=armv6k -mtune=mpcore -mfloat-abi=hard -Wall -mword-relocations -fomit-frame-pointer -ffast-math -O3 -DNDEBUG -fno-strict-aliasing -DSTATIC_LINKING -fomit-frame-pointer -Wall -W -Wno-unused-parameter -Wno-missing-field-initializers  -D__LIBRETRO__ -DALLOW_CPU_OVERCLOCK -c -o../libretro/ap/mbedtls/library/aesce.o ../libretro/ap/mbedtls/library/aesce.c
/opt/devkitpro/devkitARM/bin/arm-none-eabi-gcc -I../libretro -I../libretro/libretro-common/include -I.. -I../apu/ -I../apu/bapu -I../libretro/ap -I../libretro/ap/mbedtls/include -include ../libretro/ap/ap_mbedtls_prefix.h -I/opt/devkitpro/libctru/include -I../libretro/ap/zlib -DMBEDTLS_USER_CONFIG_FILE=\"ap_mbedtls_config.h\" -include ../libretro/ap/ap_zlib_prefix.h   -DARM11 -D_3DS -march=armv6k -mtune=mpcore -mfloat-abi=hard -Wall -mword-relocations -fomit-frame-pointer -ffast-math -O3 -DNDEBUG -fno-strict-aliasing -DSTATIC_LINKING -fomit-frame-pointer -Wall -W -Wno-unused-parameter -Wno-missing-field-initializers  -D__LIBRETRO__ -DALLOW_CPU_OVERCLOCK -c -o../libretro/ap/mbedtls/library/aesni.o ../libretro/ap/mbedtls/library/aesni.c
/opt/devkitpro/devkitARM/bin/arm-none-eabi-gcc -I../libretro -I../libretro/libretro-common/include -I.. -I../apu/ -I../apu/bapu -I../libretro/ap -I../libretro/ap/mbedtls/include -include ../libretro/ap/ap_mbedtls_prefix.h -I/opt/devkitpro/libctru/include -I../libretro/ap/zlib -DMBEDTLS_USER_CONFIG_FILE=\"ap_mbedtls_config.h\" -include ../libretro/ap/ap_zlib_prefix.h   -DARM11 -D_3DS -march=armv6k -mtune=mpcore -mfloat-abi=hard -Wall -mword-relocations -fomit-frame-pointer -ffast-math -O3 -DNDEBUG -fno-strict-aliasing -DSTATIC_LINKING -fomit-frame-pointer -Wall -W -Wno-unused-parameter -Wno-missing-field-initializers  -D__LIBRETRO__ -DALLOW_CPU_OVERCLOCK -c -o../libretro/ap/mbedtls/library/aria.o ../libretro/ap/mbedtls/library/aria.c
/opt/devkitpro/devkitARM/bin/arm-none-eabi-gcc -I../libretro -I../libretro/libretro-common/include -I.. -I../apu/ -I../apu/bapu -I../libretro/ap -I../libretro/ap/mbedtls/include -include ../libretro/ap/ap_mbedtls_prefix.h -I/opt/devkitpro/libctru/include -I../libretro/ap/zlib -DMBEDTLS_USER_CONFIG_FILE=\"ap_mbedtls_config.h\" -include ../libretro/ap/ap_zlib_prefix.h   -DARM11 -D_3DS -march=armv6k -mtune=mpcore -mfloat-abi=hard -Wall -mword-relocations -fomit-frame-pointer -ffast-math -O3 -DNDEBUG -fno-strict-aliasing -DSTATIC_LINKING -fomit-frame-pointer -Wall -W -Wno-unused-parameter -Wno-missing-field-initializers  -D__LIBRETRO__ -DALLOW_CPU_OVERCLOCK -c -o../libretro/ap/mbedtls/library/asn1parse.o ../libretro/ap/mbedtls/library/asn1parse.c
/opt/devkitpro/devkitARM/bin/arm-none-eabi-gcc -I../libretro -I../libretro/libretro-common/include -I.. -I../apu/ -I../apu/bapu -I../libretro/ap -I../libretro/ap/mbedtls/include -include ../libretro/ap/ap_mbedtls_prefix.h -I/opt/devkitpro/libctru/include -I../libretro/ap/zlib -DMBEDTLS_USER_CONFIG_FILE=\"ap_mbedtls_config.h\" -include ../libretro/ap/ap_zlib_prefix.h   -DARM11 -D_3DS -march=armv6k -mtune=mpcore -mfloat-abi=hard -Wall -mword-relocations -fomit-frame-pointer -ffast-math -O3 -DNDEBUG -fno-strict-aliasing -DSTATIC_LINKING -fomit-frame-pointer -Wall -W -Wno-unused-parameter -Wno-missing-field-initializers  -D__LIBRETRO__ -DALLOW_CPU_OVERCLOCK -c -o../libretro/ap/mbedtls/library/asn1write.o ../libretro/ap/mbedtls/library/asn1write.c
/opt/devkitpro/devkitARM/bin/arm-none-eabi-gcc -I../libretro -I../libretro/libretro-common/include -I.. -I../apu/ -I../apu/bapu -I../libretro/ap -I../libretro/ap/mbedtls/include -include ../libretro/ap/ap_mbedtls_prefix.h -I/opt/devkitpro/libctru/include -I../libretro/ap/zlib -DMBEDTLS_USER_CONFIG_FILE=\"ap_mbedtls_config.h\" -include ../libretro/ap/ap_zlib_prefix.h   -DARM11 -D_3DS -march=armv6k -mtune=mpcore -mfloat-abi=hard -Wall -mword-relocations -fomit-frame-pointer -ffast-math -O3 -DNDEBUG -fno-strict-aliasing -DSTATIC_LINKING -fomit-frame-pointer -Wall -W -Wno-unused-parameter -Wno-missing-field-initializers  -D__LIBRETRO__ -DALLOW_CPU_OVERCLOCK -c -o../libretro/ap/mbedtls/library/base64.o ../libretro/ap/mbedtls/library/base64.c
/opt/devkitpro/devkitARM/bin/arm-none-eabi-gcc -I../libretro -I../libretro/libretro-common/include -I.. -I../apu/ -I../apu/bapu -I../libretro/ap -I../libretro/ap/mbedtls/include -include ../libretro/ap/ap_mbedtls_prefix.h -I/opt/devkitpro/libctru/include -I../libretro/ap/zlib -DMBEDTLS_USER_CONFIG_FILE=\"ap_mbedtls_config.h\" -include ../libretro/ap/ap_zlib_prefix.h   -DARM11 -D_3DS -march=armv6k -mtune=mpcore -mfloat-abi=hard -Wall -mword-relocations -fomit-frame-pointer -ffast-math -O3 -DNDEBUG -fno-strict-aliasing -DSTATIC_LINKING -fomit-frame-pointer -Wall -W -Wno-unused-parameter -Wno-missing-field-initializers  -D__LIBRETRO__ -DALLOW_CPU_OVERCLOCK -c -o../libretro/ap/mbedtls/library/bignum.o ../libretro/ap/mbedtls/library/bignum.c
/opt/devkitpro/devkitARM/bin/arm-none-eabi-gcc -I../libretro -I../libretro/libretro-common/include -I.. -I../apu/ -I../apu/bapu -I../libretro/ap -I../libretro/ap/mbedtls/include -include ../libretro/ap/ap_mbedtls_prefix.h -I/opt/devkitpro/libctru/include -I../libretro/ap/zlib -DMBEDTLS_USER_CONFIG_FILE=\"ap_mbedtls_config.h\" -include ../libretro/ap/ap_zlib_prefix.h   -DARM11 -D_3DS -march=armv6k -mtune=mpcore -mfloat-abi=hard -Wall -mword-relocations -fomit-frame-pointer -ffast-math -O3 -DNDEBUG -fno-strict-aliasing -DSTATIC_LINKING -fomit-frame-pointer -Wall -W -Wno-unused-parameter -Wno-missing-field-initializers  -D__LIBRETRO__ -DALLOW_CPU_OVERCLOCK -c -o../libretro/ap/mbedtls/library/bignum_core.o ../libretro/ap/mbedtls/library/bignum_core.c
/opt/devkitpro/devkitARM/bin/arm-none-eabi-gcc -I../libretro -I../libretro/libretro-common/include -I.. -I../apu/ -I../apu/bapu -I../libretro/ap -I../libretro/ap/mbedtls/include -include ../libretro/ap/ap_mbedtls_prefix.h -I/opt/devkitpro/libctru/include -I../libretro/ap/zlib -DMBEDTLS_USER_CONFIG_FILE=\"ap_mbedtls_config.h\" -include ../libretro/ap/ap_zlib_prefix.h   -DARM11 -D_3DS -march=armv6k -mtune=mpcore -mfloat-abi=hard -Wall -mword-relocations -fomit-frame-pointer -ffast-math -O3 -DNDEBUG -fno-strict-aliasing -DSTATIC_LINKING -fomit-frame-pointer -Wall -W -Wno-unused-parameter -Wno-missing-field-initializers  -D__LIBRETRO__ -DALLOW_CPU_OVERCLOCK -c -o../libretro/ap/mbedtls/library/bignum_mod.o ../libretro/ap/mbedtls/library/bignum_mod.c
/opt/devkitpro/devkitARM/bin/arm-none-eabi-gcc -I../libretro -I../libretro/libretro-common/include -I.. -I../apu/ -I../apu/bapu -I../libretro/ap -I../libretro/ap/mbedtls/include -include ../libretro/ap/ap_mbedtls_prefix.h -I/opt/devkitpro/libctru/include -I../libretro/ap/zlib -DMBEDTLS_USER_CONFIG_FILE=\"ap_mbedtls_config.h\" -include ../libretro/ap/ap_zlib_prefix.h   -DARM11 -D_3DS -march=armv6k -mtune=mpcore -mfloat-abi=hard -Wall -mword-relocations -fomit-frame-pointer -ffast-math -O3 -DNDEBUG -fno-strict-aliasing -DSTATIC_LINKING -fomit-frame-pointer -Wall -W -Wno-unused-parameter -Wno-missing-field-initializers  -D__LIBRETRO__ -DALLOW_CPU_OVERCLOCK -c -o../libretro/ap/mbedtls/library/bignum_mod_raw.o ../libretro/ap/mbedtls/library/bignum_mod_raw.c
/opt/devkitpro/devkitARM/bin/arm-none-eabi-gcc -I../libretro -I../libretro/libretro-common/include -I.. -I../apu/ -I../apu/bapu -I../libretro/ap -I../libretro/ap/mbedtls/include -include ../libretro/ap/ap_mbedtls_prefix.h -I/opt/devkitpro/libctru/include -I../libretro/ap/zlib -DMBEDTLS_USER_CONFIG_FILE=\"ap_mbedtls_config.h\" -include ../libretro/ap/ap_zlib_prefix.h   -DARM11 -D_3DS -march=armv6k -mtune=mpcore -mfloat-abi=hard -Wall -mword-relocations -fomit-frame-pointer -ffast-math -O3 -DNDEBUG -fno-strict-aliasing -DSTATIC_LINKING -fomit-frame-pointer -Wall -W -Wno-unused-parameter -Wno-missing-field-initializers  -D__LIBRETRO__ -DALLOW_CPU_OVERCLOCK -c -o../libretro/ap/mbedtls/library/block_cipher.o ../libretro/ap/mbedtls/library/block_cipher.c
/opt/devkitpro/devkitARM/bin/arm-none-eabi-gcc -I../libretro -I../libretro/libretro-common/include -I.. -I../apu/ -I../apu/bapu -I../libretro/ap -I../libretro/ap/mbedtls/include -include ../libretro/ap/ap_mbedtls_prefix.h -I/opt/devkitpro/libctru/include -I../libretro/ap/zlib -DMBEDTLS_USER_CONFIG_FILE=\"ap_mbedtls_config.h\" -include ../libretro/ap/ap_zlib_prefix.h   -DARM11 -D_3DS -march=armv6k -mtune=mpcore -mfloat-abi=hard -Wall -mword-relocations -fomit-frame-pointer -ffast-math -O3 -DNDEBUG -fno-strict-aliasing -DSTATIC_LINKING -fomit-frame-pointer -Wall -W -Wno-unused-parameter -Wno-missing-field-initializers  -D__LIBRETRO__ -DALLOW_CPU_OVERCLOCK -c -o../libretro/ap/mbedtls/library/camellia.o ../libretro/ap/mbedtls/library/camellia.c
/opt/devkitpro/devkitARM/bin/arm-none-eabi-gcc -I../libretro -I../libretro/libretro-common/include -I.. -I../apu/ -I../apu/bapu -I../libretro/ap -I../libretro/ap/mbedtls/include -include ../libretro/ap/ap_mbedtls_prefix.h -I/opt/devkitpro/libctru/include -I../libretro/ap/zlib -DMBEDTLS_USER_CONFIG_FILE=\"ap_mbedtls_config.h\" -include ../libretro/ap/ap_zlib_prefix.h   -DARM11 -D_3DS -march=armv6k -mtune=mpcore -mfloat-abi=hard -Wall -mword-relocations -fomit-frame-pointer -ffast-math -O3 -DNDEBUG -fno-strict-aliasing -DSTATIC_LINKING -fomit-frame-pointer -Wall -W -Wno-unused-parameter -Wno-missing-field-initializers  -D__LIBRETRO__ -DALLOW_CPU_OVERCLOCK -c -o../libretro/ap/mbedtls/library/ccm.o ../libretro/ap/mbedtls/library/ccm.c
/opt/devkitpro/devkitARM/bin/arm-none-eabi-gcc -I../libretro -I../libretro/libretro-common/include -I.. -I../apu/ -I../apu/bapu -I../libretro/ap -I../libretro/ap/mbedtls/include -include ../libretro/ap/ap_mbedtls_prefix.h -I/opt/devkitpro/libctru/include -I../libretro/ap/zlib -DMBEDTLS_USER_CONFIG_FILE=\"ap_mbedtls_config.h\" -include ../libretro/ap/ap_zlib_prefix.h   -DARM11 -D_3DS -march=armv6k -mtune=mpcore -mfloat-abi=hard -Wall -mword-relocations -fomit-frame-pointer -ffast-math -O3 -DNDEBUG -fno-strict-aliasing -DSTATIC_LINKING -fomit-frame-pointer -Wall -W -Wno-unused-parameter -Wno-missing-field-initializers  -D__LIBRETRO__ -DALLOW_CPU_OVERCLOCK -c -o../libretro/ap/mbedtls/library/chacha20.o ../libretro/ap/mbedtls/library/chacha20.c
/opt/devkitpro/devkitARM/bin/arm-none-eabi-gcc -I../libretro -I../libretro/libretro-common/include -I.. -I../apu/ -I../apu/bapu -I../libretro/ap -I../libretro/ap/mbedtls/include -include ../libretro/ap/ap_mbedtls_prefix.h -I/opt/devkitpro/libctru/include -I../libretro/ap/zlib -DMBEDTLS_USER_CONFIG_FILE=\"ap_mbedtls_config.h\" -include ../libretro/ap/ap_zlib_prefix.h   -DARM11 -D_3DS -march=armv6k -mtune=mpcore -mfloat-abi=hard -Wall -mword-relocations -fomit-frame-pointer -ffast-math -O3 -DNDEBUG -fno-strict-aliasing -DSTATIC_LINKING -fomit-frame-pointer -Wall -W -Wno-unused-parameter -Wno-missing-field-initializers  -D__LIBRETRO__ -DALLOW_CPU_OVERCLOCK -c -o../libretro/ap/mbedtls/library/chachapoly.o ../libretro/ap/mbedtls/library/chachapoly.c
/opt/devkitpro/devkitARM/bin/arm-none-eabi-gcc -I../libretro -I../libretro/libretro-common/include -I.. -I../apu/ -I../apu/bapu -I../libretro/ap -I../libretro/ap/mbedtls/include -include ../libretro/ap/ap_mbedtls_prefix.h -I/opt/devkitpro/libctru/include -I../libretro/ap/zlib -DMBEDTLS_USER_CONFIG_FILE=\"ap_mbedtls_config.h\" -include ../libretro/ap/ap_zlib_prefix.h   -DARM11 -D_3DS -march=armv6k -mtune=mpcore -mfloat-abi=hard -Wall -mword-relocations -fomit-frame-pointer -ffast-math -O3 -DNDEBUG -fno-strict-aliasing -DSTATIC_LINKING -fomit-frame-pointer -Wall -W -Wno-unused-parameter -Wno-missing-field-initializers  -D__LIBRETRO__ -DALLOW_CPU_OVERCLOCK -c -o../libretro/ap/mbedtls/library/cipher.o ../libretro/ap/mbedtls/library/cipher.c
/opt/devkitpro/devkitARM/bin/arm-none-eabi-gcc -I../libretro -I../libretro/libretro-common/include -I.. -I../apu/ -I../apu/bapu -I../libretro/ap -I../libretro/ap/mbedtls/include -include ../libretro/ap/ap_mbedtls_prefix.h -I/opt/devkitpro/libctru/include -I../libretro/ap/zlib -DMBEDTLS_USER_CONFIG_FILE=\"ap_mbedtls_config.h\" -include ../libretro/ap/ap_zlib_prefix.h   -DARM11 -D_3DS -march=armv6k -mtune=mpcore -mfloat-abi=hard -Wall -mword-relocations -fomit-frame-pointer -ffast-math -O3 -DNDEBUG -fno-strict-aliasing -DSTATIC_LINKING -fomit-frame-pointer -Wall -W -Wno-unused-parameter -Wno-missing-field-initializers  -D__LIBRETRO__ -DALLOW_CPU_OVERCLOCK -c -o../libretro/ap/mbedtls/library/cipher_wrap.o ../libretro/ap/mbedtls/library/cipher_wrap.c
/opt/devkitpro/devkitARM/bin/arm-none-eabi-gcc -I../libretro -I../libretro/libretro-common/include -I.. -I../apu/ -I../apu/bapu -I../libretro/ap -I../libretro/ap/mbedtls/include -include ../libretro/ap/ap_mbedtls_prefix.h -I/opt/devkitpro/libctru/include -I../libretro/ap/zlib -DMBEDTLS_USER_CONFIG_FILE=\"ap_mbedtls_config.h\" -include ../libretro/ap/ap_zlib_prefix.h   -DARM11 -D_3DS -march=armv6k -mtune=mpcore -mfloat-abi=hard -Wall -mword-relocations -fomit-frame-pointer -ffast-math -O3 -DNDEBUG -fno-strict-aliasing -DSTATIC_LINKING -fomit-frame-pointer -Wall -W -Wno-unused-parameter -Wno-missing-field-initializers  -D__LIBRETRO__ -DALLOW_CPU_OVERCLOCK -c -o../libretro/ap/mbedtls/library/cmac.o ../libretro/ap/mbedtls/library/cmac.c
/opt/devkitpro/devkitARM/bin/arm-none-eabi-gcc -I../libretro -I../libretro/libretro-common/include -I.. -I../apu/ -I../apu/bapu -I../libretro/ap -I../libretro/ap/mbedtls/include -include ../libretro/ap/ap_mbedtls_prefix.h -I/opt/devkitpro/libctru/include -I../libretro/ap/zlib -DMBEDTLS_USER_CONFIG_FILE=\"ap_mbedtls_config.h\" -include ../libretro/ap/ap_zlib_prefix.h   -DARM11 -D_3DS -march=armv6k -mtune=mpcore -mfloat-abi=hard -Wall -mword-relocations -fomit-frame-pointer -ffast-math -O3 -DNDEBUG -fno-strict-aliasing -DSTATIC_LINKING -fomit-frame-pointer -Wall -W -Wno-unused-parameter -Wno-missing-field-initializers  -D__LIBRETRO__ -DALLOW_CPU_OVERCLOCK -c -o../libretro/ap/mbedtls/library/constant_time.o ../libretro/ap/mbedtls/library/constant_time.c
/opt/devkitpro/devkitARM/bin/arm-none-eabi-gcc -I../libretro -I../libretro/libretro-common/include -I.. -I../apu/ -I../apu/bapu -I../libretro/ap -I../libretro/ap/mbedtls/include -include ../libretro/ap/ap_mbedtls_prefix.h -I/opt/devkitpro/libctru/include -I../libretro/ap/zlib -DMBEDTLS_USER_CONFIG_FILE=\"ap_mbedtls_config.h\" -include ../libretro/ap/ap_zlib_prefix.h   -DARM11 -D_3DS -march=armv6k -mtune=mpcore -mfloat-abi=hard -Wall -mword-relocations -fomit-frame-pointer -ffast-math -O3 -DNDEBUG -fno-strict-aliasing -DSTATIC_LINKING -fomit-frame-pointer -Wall -W -Wno-unused-parameter -Wno-missing-field-initializers  -D__LIBRETRO__ -DALLOW_CPU_OVERCLOCK -c -o../libretro/ap/mbedtls/library/ctr_drbg.o ../libretro/ap/mbedtls/library/ctr_drbg.c
/opt/devkitpro/devkitARM/bin/arm-none-eabi-gcc -I../libretro -I../libretro/libretro-common/include -I.. -I../apu/ -I../apu/bapu -I../libretro/ap -I../libretro/ap/mbedtls/include -include ../libretro/ap/ap_mbedtls_prefix.h -I/opt/devkitpro/libctru/include -I../libretro/ap/zlib -DMBEDTLS_USER_CONFIG_FILE=\"ap_mbedtls_config.h\" -include ../libretro/ap/ap_zlib_prefix.h   -DARM11 -D_3DS -march=armv6k -mtune=mpcore -mfloat-abi=hard -Wall -mword-relocations -fomit-frame-pointer -ffast-math -O3 -DNDEBUG -fno-strict-aliasing -DSTATIC_LINKING -fomit-frame-pointer -Wall -W -Wno-unused-parameter -Wno-missing-field-initializers  -D__LIBRETRO__ -DALLOW_CPU_OVERCLOCK -c -o../libretro/ap/mbedtls/library/debug.o ../libretro/ap/mbedtls/library/debug.c
/opt/devkitpro/devkitARM/bin/arm-none-eabi-gcc -I../libretro -I../libretro/libretro-common/include -I.. -I../apu/ -I../apu/bapu -I../libretro/ap -I../libretro/ap/mbedtls/include -include ../libretro/ap/ap_mbedtls_prefix.h -I/opt/devkitpro/libctru/include -I../libretro/ap/zlib -DMBEDTLS_USER_CONFIG_FILE=\"ap_mbedtls_config.h\" -include ../libretro/ap/ap_zlib_prefix.h   -DARM11 -D_3DS -march=armv6k -mtune=mpcore -mfloat-abi=hard -Wall -mword-relocations -fomit-frame-pointer -ffast-math -O3 -DNDEBUG -fno-strict-aliasing -DSTATIC_LINKING -fomit-frame-pointer -Wall -W -Wno-unused-parameter -Wno-missing-field-initializers  -D__LIBRETRO__ -DALLOW_CPU_OVERCLOCK -c -o../libretro/ap/mbedtls/library/des.o ../libretro/ap/mbedtls/library/des.c
/opt/devkitpro/devkitARM/bin/arm-none-eabi-gcc -I../libretro -I../libretro/libretro-common/include -I.. -I../apu/ -I../apu/bapu -I../libretro/ap -I../libretro/ap/mbedtls/include -include ../libretro/ap/ap_mbedtls_prefix.h -I/opt/devkitpro/libctru/include -I../libretro/ap/zlib -DMBEDTLS_USER_CONFIG_FILE=\"ap_mbedtls_config.h\" -include ../libretro/ap/ap_zlib_prefix.h   -DARM11 -D_3DS -march=armv6k -mtune=mpcore -mfloat-abi=hard -Wall -mword-relocations -fomit-frame-pointer -ffast-math -O3 -DNDEBUG -fno-strict-aliasing -DSTATIC_LINKING -fomit-frame-pointer -Wall -W -Wno-unused-parameter -Wno-missing-field-initializers  -D__LIBRETRO__ -DALLOW_CPU_OVERCLOCK -c -o../libretro/ap/mbedtls/library/dhm.o ../libretro/ap/mbedtls/library/dhm.c
/opt/devkitpro/devkitARM/bin/arm-none-eabi-gcc -I../libretro -I../libretro/libretro-common/include -I.. -I../apu/ -I../apu/bapu -I../libretro/ap -I../libretro/ap/mbedtls/include -include ../libretro/ap/ap_mbedtls_prefix.h -I/opt/devkitpro/libctru/include -I../libretro/ap/zlib -DMBEDTLS_USER_CONFIG_FILE=\"ap_mbedtls_config.h\" -include ../libretro/ap/ap_zlib_prefix.h   -DARM11 -D_3DS -march=armv6k -mtune=mpcore -mfloat-abi=hard -Wall -mword-relocations -fomit-frame-pointer -ffast-math -O3 -DNDEBUG -fno-strict-aliasing -DSTATIC_LINKING -fomit-frame-pointer -Wall -W -Wno-unused-parameter -Wno-missing-field-initializers  -D__LIBRETRO__ -DALLOW_CPU_OVERCLOCK -c -o../libretro/ap/mbedtls/library/ecdh.o ../libretro/ap/mbedtls/library/ecdh.c
/opt/devkitpro/devkitARM/bin/arm-none-eabi-gcc -I../libretro -I../libretro/libretro-common/include -I.. -I../apu/ -I../apu/bapu -I../libretro/ap -I../libretro/ap/mbedtls/include -include ../libretro/ap/ap_mbedtls_prefix.h -I/opt/devkitpro/libctru/include -I../libretro/ap/zlib -DMBEDTLS_USER_CONFIG_FILE=\"ap_mbedtls_config.h\" -include ../libretro/ap/ap_zlib_prefix.h   -DARM11 -D_3DS -march=armv6k -mtune=mpcore -mfloat-abi=hard -Wall -mword-relocations -fomit-frame-pointer -ffast-math -O3 -DNDEBUG -fno-strict-aliasing -DSTATIC_LINKING -fomit-frame-pointer -Wall -W -Wno-unused-parameter -Wno-missing-field-initializers  -D__LIBRETRO__ -DALLOW_CPU_OVERCLOCK -c -o../libretro/ap/mbedtls/library/ecdsa.o ../libretro/ap/mbedtls/library/ecdsa.c
/opt/devkitpro/devkitARM/bin/arm-none-eabi-gcc -I../libretro -I../libretro/libretro-common/include -I.. -I../apu/ -I../apu/bapu -I../libretro/ap -I../libretro/ap/mbedtls/include -include ../libretro/ap/ap_mbedtls_prefix.h -I/opt/devkitpro/libctru/include -I../libretro/ap/zlib -DMBEDTLS_USER_CONFIG_FILE=\"ap_mbedtls_config.h\" -include ../libretro/ap/ap_zlib_prefix.h   -DARM11 -D_3DS -march=armv6k -mtune=mpcore -mfloat-abi=hard -Wall -mword-relocations -fomit-frame-pointer -ffast-math -O3 -DNDEBUG -fno-strict-aliasing -DSTATIC_LINKING -fomit-frame-pointer -Wall -W -Wno-unused-parameter -Wno-missing-field-initializers  -D__LIBRETRO__ -DALLOW_CPU_OVERCLOCK -c -o../libretro/ap/mbedtls/library/ecjpake.o ../libretro/ap/mbedtls/library/ecjpake.c
/opt/devkitpro/devkitARM/bin/arm-none-eabi-gcc -I../libretro -I../libretro/libretro-common/include -I.. -I../apu/ -I../apu/bapu -I../libretro/ap -I../libretro/ap/mbedtls/include -include ../libretro/ap/ap_mbedtls_prefix.h -I/opt/devkitpro/libctru/include -I../libretro/ap/zlib -DMBEDTLS_USER_CONFIG_FILE=\"ap_mbedtls_config.h\" -include ../libretro/ap/ap_zlib_prefix.h   -DARM11 -D_3DS -march=armv6k -mtune=mpcore -mfloat-abi=hard -Wall -mword-relocations -fomit-frame-pointer -ffast-math -O3 -DNDEBUG -fno-strict-aliasing -DSTATIC_LINKING -fomit-frame-pointer -Wall -W -Wno-unused-parameter -Wno-missing-field-initializers  -D__LIBRETRO__ -DALLOW_CPU_OVERCLOCK -c -o../libretro/ap/mbedtls/library/ecp.o ../libretro/ap/mbedtls/library/ecp.c
/opt/devkitpro/devkitARM/bin/arm-none-eabi-gcc -I../libretro -I../libretro/libretro-common/include -I.. -I../apu/ -I../apu/bapu -I../libretro/ap -I../libretro/ap/mbedtls/include -include ../libretro/ap/ap_mbedtls_prefix.h -I/opt/devkitpro/libctru/include -I../libretro/ap/zlib -DMBEDTLS_USER_CONFIG_FILE=\"ap_mbedtls_config.h\" -include ../libretro/ap/ap_zlib_prefix.h   -DARM11 -D_3DS -march=armv6k -mtune=mpcore -mfloat-abi=hard -Wall -mword-relocations -fomit-frame-pointer -ffast-math -O3 -DNDEBUG -fno-strict-aliasing -DSTATIC_LINKING -fomit-frame-pointer -Wall -W -Wno-unused-parameter -Wno-missing-field-initializers  -D__LIBRETRO__ -DALLOW_CPU_OVERCLOCK -c -o../libretro/ap/mbedtls/library/ecp_curves.o ../libretro/ap/mbedtls/library/ecp_curves.c
/opt/devkitpro/devkitARM/bin/arm-none-eabi-gcc -I../libretro -I../libretro/libretro-common/include -I.. -I../apu/ -I../apu/bapu -I../libretro/ap -I../libretro/ap/mbedtls/include -include ../libretro/ap/ap_mbedtls_prefix.h -I/opt/devkitpro/libctru/include -I../libretro/ap/zlib -DMBEDTLS_USER_CONFIG_FILE=\"ap_mbedtls_config.h\" -include ../libretro/ap/ap_zlib_prefix.h   -DARM11 -D_3DS -march=armv6k -mtune=mpcore -mfloat-abi=hard -Wall -mword-relocations -fomit-frame-pointer -ffast-math -O3 -DNDEBUG -fno-strict-aliasing -DSTATIC_LINKING -fomit-frame-pointer -Wall -W -Wno-unused-parameter -Wno-missing-field-initializers  -D__LIBRETRO__ -DALLOW_CPU_OVERCLOCK -c -o../libretro/ap/mbedtls/library/ecp_curves_new.o ../libretro/ap/mbedtls/library/ecp_curves_new.c
/opt/devkitpro/devkitARM/bin/arm-none-eabi-gcc -I../libretro -I../libretro/libretro-common/include -I.. -I../apu/ -I../apu/bapu -I../libretro/ap -I../libretro/ap/mbedtls/include -include ../libretro/ap/ap_mbedtls_prefix.h -I/opt/devkitpro/libctru/include -I../libretro/ap/zlib -DMBEDTLS_USER_CONFIG_FILE=\"ap_mbedtls_config.h\" -include ../libretro/ap/ap_zlib_prefix.h   -DARM11 -D_3DS -march=armv6k -mtune=mpcore -mfloat-abi=hard -Wall -mword-relocations -fomit-frame-pointer -ffast-math -O3 -DNDEBUG -fno-strict-aliasing -DSTATIC_LINKING -fomit-frame-pointer -Wall -W -Wno-unused-parameter -Wno-missing-field-initializers  -D__LIBRETRO__ -DALLOW_CPU_OVERCLOCK -c -o../libretro/ap/mbedtls/library/entropy.o ../libretro/ap/mbedtls/library/entropy.c
/opt/devkitpro/devkitARM/bin/arm-none-eabi-gcc -I../libretro -I../libretro/libretro-common/include -I.. -I../apu/ -I../apu/bapu -I../libretro/ap -I../libretro/ap/mbedtls/include -include ../libretro/ap/ap_mbedtls_prefix.h -I/opt/devkitpro/libctru/include -I../libretro/ap/zlib -DMBEDTLS_USER_CONFIG_FILE=\"ap_mbedtls_config.h\" -include ../libretro/ap/ap_zlib_prefix.h   -DARM11 -D_3DS -march=armv6k -mtune=mpcore -mfloat-abi=hard -Wall -mword-relocations -fomit-frame-pointer -ffast-math -O3 -DNDEBUG -fno-strict-aliasing -DSTATIC_LINKING -fomit-frame-pointer -Wall -W -Wno-unused-parameter -Wno-missing-field-initializers  -D__LIBRETRO__ -DALLOW_CPU_OVERCLOCK -c -o../libretro/ap/mbedtls/library/entropy_poll.o ../libretro/ap/mbedtls/library/entropy_poll.c
/opt/devkitpro/devkitARM/bin/arm-none-eabi-gcc -I../libretro -I../libretro/libretro-common/include -I.. -I../apu/ -I../apu/bapu -I../libretro/ap -I../libretro/ap/mbedtls/include -include ../libretro/ap/ap_mbedtls_prefix.h -I/opt/devkitpro/libctru/include -I../libretro/ap/zlib -DMBEDTLS_USER_CONFIG_FILE=\"ap_mbedtls_config.h\" -include ../libretro/ap/ap_zlib_prefix.h   -DARM11 -D_3DS -march=armv6k -mtune=mpcore -mfloat-abi=hard -Wall -mword-relocations -fomit-frame-pointer -ffast-math -O3 -DNDEBUG -fno-strict-aliasing -DSTATIC_LINKING -fomit-frame-pointer -Wall -W -Wno-unused-parameter -Wno-missing-field-initializers  -D__LIBRETRO__ -DALLOW_CPU_OVERCLOCK -c -o../libretro/ap/mbedtls/library/error.o ../libretro/ap/mbedtls/library/error.c
/opt/devkitpro/devkitARM/bin/arm-none-eabi-gcc -I../libretro -I../libretro/libretro-common/include -I.. -I../apu/ -I../apu/bapu -I../libretro/ap -I../libretro/ap/mbedtls/include -include ../libretro/ap/ap_mbedtls_prefix.h -I/opt/devkitpro/libctru/include -I../libretro/ap/zlib -DMBEDTLS_USER_CONFIG_FILE=\"ap_mbedtls_config.h\" -include ../libretro/ap/ap_zlib_prefix.h   -DARM11 -D_3DS -march=armv6k -mtune=mpcore -mfloat-abi=hard -Wall -mword-relocations -fomit-frame-pointer -ffast-math -O3 -DNDEBUG -fno-strict-aliasing -DSTATIC_LINKING -fomit-frame-pointer -Wall -W -Wno-unused-parameter -Wno-missing-field-initializers  -D__LIBRETRO__ -DALLOW_CPU_OVERCLOCK -c -o../libretro/ap/mbedtls/library/gcm.o ../libretro/ap/mbedtls/library/gcm.c
/opt/devkitpro/devkitARM/bin/arm-none-eabi-gcc -I../libretro -I../libretro/libretro-common/include -I.. -I../apu/ -I../apu/bapu -I../libretro/ap -I../libretro/ap/mbedtls/include -include ../libretro/ap/ap_mbedtls_prefix.h -I/opt/devkitpro/libctru/include -I../libretro/ap/zlib -DMBEDTLS_USER_CONFIG_FILE=\"ap_mbedtls_config.h\" -include ../libretro/ap/ap_zlib_prefix.h   -DARM11 -D_3DS -march=armv6k -mtune=mpcore -mfloat-abi=hard -Wall -mword-relocations -fomit-frame-pointer -ffast-math -O3 -DNDEBUG -fno-strict-aliasing -DSTATIC_LINKING -fomit-frame-pointer -Wall -W -Wno-unused-parameter -Wno-missing-field-initializers  -D__LIBRETRO__ -DALLOW_CPU_OVERCLOCK -c -o../libretro/ap/mbedtls/library/hkdf.o ../libretro/ap/mbedtls/library/hkdf.c
/opt/devkitpro/devkitARM/bin/arm-none-eabi-gcc -I../libretro -I../libretro/libretro-common/include -I.. -I../apu/ -I../apu/bapu -I../libretro/ap -I../libretro/ap/mbedtls/include -include ../libretro/ap/ap_mbedtls_prefix.h -I/opt/devkitpro/libctru/include -I../libretro/ap/zlib -DMBEDTLS_USER_CONFIG_FILE=\"ap_mbedtls_config.h\" -include ../libretro/ap/ap_zlib_prefix.h   -DARM11 -D_3DS -march=armv6k -mtune=mpcore -mfloat-abi=hard -Wall -mword-relocations -fomit-frame-pointer -ffast-math -O3 -DNDEBUG -fno-strict-aliasing -DSTATIC_LINKING -fomit-frame-pointer -Wall -W -Wno-unused-parameter -Wno-missing-field-initializers  -D__LIBRETRO__ -DALLOW_CPU_OVERCLOCK -c -o../libretro/ap/mbedtls/library/hmac_drbg.o ../libretro/ap/mbedtls/library/hmac_drbg.c
/opt/devkitpro/devkitARM/bin/arm-none-eabi-gcc -I../libretro -I../libretro/libretro-common/include -I.. -I../apu/ -I../apu/bapu -I../libretro/ap -I../libretro/ap/mbedtls/include -include ../libretro/ap/ap_mbedtls_prefix.h -I/opt/devkitpro/libctru/include -I../libretro/ap/zlib -DMBEDTLS_USER_CONFIG_FILE=\"ap_mbedtls_config.h\" -include ../libretro/ap/ap_zlib_prefix.h   -DARM11 -D_3DS -march=armv6k -mtune=mpcore -mfloat-abi=hard -Wall -mword-relocations -fomit-frame-pointer -ffast-math -O3 -DNDEBUG -fno-strict-aliasing -DSTATIC_LINKING -fomit-frame-pointer -Wall -W -Wno-unused-parameter -Wno-missing-field-initializers  -D__LIBRETRO__ -DALLOW_CPU_OVERCLOCK -c -o../libretro/ap/mbedtls/library/lmots.o ../libretro/ap/mbedtls/library/lmots.c
/opt/devkitpro/devkitARM/bin/arm-none-eabi-gcc -I../libretro -I../libretro/libretro-common/include -I.. -I../apu/ -I../apu/bapu -I../libretro/ap -I../libretro/ap/mbedtls/include -include ../libretro/ap/ap_mbedtls_prefix.h -I/opt/devkitpro/libctru/include -I../libretro/ap/zlib -DMBEDTLS_USER_CONFIG_FILE=\"ap_mbedtls_config.h\" -include ../libretro/ap/ap_zlib_prefix.h   -DARM11 -D_3DS -march=armv6k -mtune=mpcore -mfloat-abi=hard -Wall -mword-relocations -fomit-frame-pointer -ffast-math -O3 -DNDEBUG -fno-strict-aliasing -DSTATIC_LINKING -fomit-frame-pointer -Wall -W -Wno-unused-parameter -Wno-missing-field-initializers  -D__LIBRETRO__ -DALLOW_CPU_OVERCLOCK -c -o../libretro/ap/mbedtls/library/lms.o ../libretro/ap/mbedtls/library/lms.c
/opt/devkitpro/devkitARM/bin/arm-none-eabi-gcc -I../libretro -I../libretro/libretro-common/include -I.. -I../apu/ -I../apu/bapu -I../libretro/ap -I../libretro/ap/mbedtls/include -include ../libretro/ap/ap_mbedtls_prefix.h -I/opt/devkitpro/libctru/include -I../libretro/ap/zlib -DMBEDTLS_USER_CONFIG_FILE=\"ap_mbedtls_config.h\" -include ../libretro/ap/ap_zlib_prefix.h   -DARM11 -D_3DS -march=armv6k -mtune=mpcore -mfloat-abi=hard -Wall -mword-relocations -fomit-frame-pointer -ffast-math -O3 -DNDEBUG -fno-strict-aliasing -DSTATIC_LINKING -fomit-frame-pointer -Wall -W -Wno-unused-parameter -Wno-missing-field-initializers  -D__LIBRETRO__ -DALLOW_CPU_OVERCLOCK -c -o../libretro/ap/mbedtls/library/md.o ../libretro/ap/mbedtls/library/md.c
/opt/devkitpro/devkitARM/bin/arm-none-eabi-gcc -I../libretro -I../libretro/libretro-common/include -I.. -I../apu/ -I../apu/bapu -I../libretro/ap -I../libretro/ap/mbedtls/include -include ../libretro/ap/ap_mbedtls_prefix.h -I/opt/devkitpro/libctru/include -I../libretro/ap/zlib -DMBEDTLS_USER_CONFIG_FILE=\"ap_mbedtls_config.h\" -include ../libretro/ap/ap_zlib_prefix.h   -DARM11 -D_3DS -march=armv6k -mtune=mpcore -mfloat-abi=hard -Wall -mword-relocations -fomit-frame-pointer -ffast-math -O3 -DNDEBUG -fno-strict-aliasing -DSTATIC_LINKING -fomit-frame-pointer -Wall -W -Wno-unused-parameter -Wno-missing-field-initializers  -D__LIBRETRO__ -DALLOW_CPU_OVERCLOCK -c -o../libretro/ap/mbedtls/library/md5.o ../libretro/ap/mbedtls/library/md5.c
/opt/devkitpro/devkitARM/bin/arm-none-eabi-gcc -I../libretro -I../libretro/libretro-common/include -I.. -I../apu/ -I../apu/bapu -I../libretro/ap -I../libretro/ap/mbedtls/include -include ../libretro/ap/ap_mbedtls_prefix.h -I/opt/devkitpro/libctru/include -I../libretro/ap/zlib -DMBEDTLS_USER_CONFIG_FILE=\"ap_mbedtls_config.h\" -include ../libretro/ap/ap_zlib_prefix.h   -DARM11 -D_3DS -march=armv6k -mtune=mpcore -mfloat-abi=hard -Wall -mword-relocations -fomit-frame-pointer -ffast-math -O3 -DNDEBUG -fno-strict-aliasing -DSTATIC_LINKING -fomit-frame-pointer -Wall -W -Wno-unused-parameter -Wno-missing-field-initializers  -D__LIBRETRO__ -DALLOW_CPU_OVERCLOCK -c -o../libretro/ap/mbedtls/library/memory_buffer_alloc.o ../libretro/ap/mbedtls/library/memory_buffer_alloc.c
/opt/devkitpro/devkitARM/bin/arm-none-eabi-gcc -I../libretro -I../libretro/libretro-common/include -I.. -I../apu/ -I../apu/bapu -I../libretro/ap -I../libretro/ap/mbedtls/include -include ../libretro/ap/ap_mbedtls_prefix.h -I/opt/devkitpro/libctru/include -I../libretro/ap/zlib -DMBEDTLS_USER_CONFIG_FILE=\"ap_mbedtls_config.h\" -include ../libretro/ap/ap_zlib_prefix.h   -DARM11 -D_3DS -march=armv6k -mtune=mpcore -mfloat-abi=hard -Wall -mword-relocations -fomit-frame-pointer -ffast-math -O3 -DNDEBUG -fno-strict-aliasing -DSTATIC_LINKING -fomit-frame-pointer -Wall -W -Wno-unused-parameter -Wno-missing-field-initializers  -D__LIBRETRO__ -DALLOW_CPU_OVERCLOCK -c -o../libretro/ap/mbedtls/library/mps_reader.o ../libretro/ap/mbedtls/library/mps_reader.c
/opt/devkitpro/devkitARM/bin/arm-none-eabi-gcc -I../libretro -I../libretro/libretro-common/include -I.. -I../apu/ -I../apu/bapu -I../libretro/ap -I../libretro/ap/mbedtls/include -include ../libretro/ap/ap_mbedtls_prefix.h -I/opt/devkitpro/libctru/include -I../libretro/ap/zlib -DMBEDTLS_USER_CONFIG_FILE=\"ap_mbedtls_config.h\" -include ../libretro/ap/ap_zlib_prefix.h   -DARM11 -D_3DS -march=armv6k -mtune=mpcore -mfloat-abi=hard -Wall -mword-relocations -fomit-frame-pointer -ffast-math -O3 -DNDEBUG -fno-strict-aliasing -DSTATIC_LINKING -fomit-frame-pointer -Wall -W -Wno-unused-parameter -Wno-missing-field-initializers  -D__LIBRETRO__ -DALLOW_CPU_OVERCLOCK -c -o../libretro/ap/mbedtls/library/mps_trace.o ../libretro/ap/mbedtls/library/mps_trace.c
/opt/devkitpro/devkitARM/bin/arm-none-eabi-gcc -I../libretro -I../libretro/libretro-common/include -I.. -I../apu/ -I../apu/bapu -I../libretro/ap -I../libretro/ap/mbedtls/include -include ../libretro/ap/ap_mbedtls_prefix.h -I/opt/devkitpro/libctru/include -I../libretro/ap/zlib -DMBEDTLS_USER_CONFIG_FILE=\"ap_mbedtls_config.h\" -include ../libretro/ap/ap_zlib_prefix.h   -DARM11 -D_3DS -march=armv6k -mtune=mpcore -mfloat-abi=hard -Wall -mword-relocations -fomit-frame-pointer -ffast-math -O3 -DNDEBUG -fno-strict-aliasing -DSTATIC_LINKING -fomit-frame-pointer -Wall -W -Wno-unused-parameter -Wno-missing-field-initializers  -D__LIBRETRO__ -DALLOW_CPU_OVERCLOCK -c -o../libretro/ap/mbedtls/library/net_sockets.o ../libretro/ap/mbedtls/library/net_sockets.c
/opt/devkitpro/devkitARM/bin/arm-none-eabi-gcc -I../libretro -I../libretro/libretro-common/include -I.. -I../apu/ -I../apu/bapu -I../libretro/ap -I../libretro/ap/mbedtls/include -include ../libretro/ap/ap_mbedtls_prefix.h -I/opt/devkitpro/libctru/include -I../libretro/ap/zlib -DMBEDTLS_USER_CONFIG_FILE=\"ap_mbedtls_config.h\" -include ../libretro/ap/ap_zlib_prefix.h   -DARM11 -D_3DS -march=armv6k -mtune=mpcore -mfloat-abi=hard -Wall -mword-relocations -fomit-frame-pointer -ffast-math -O3 -DNDEBUG -fno-strict-aliasing -DSTATIC_LINKING -fomit-frame-pointer -Wall -W -Wno-unused-parameter -Wno-missing-field-initializers  -D__LIBRETRO__ -DALLOW_CPU_OVERCLOCK -c -o../libretro/ap/mbedtls/library/nist_kw.o ../libretro/ap/mbedtls/library/nist_kw.c
/opt/devkitpro/devkitARM/bin/arm-none-eabi-gcc -I../libretro -I../libretro/libretro-common/include -I.. -I../apu/ -I../apu/bapu -I../libretro/ap -I../libretro/ap/mbedtls/include -include ../libretro/ap/ap_mbedtls_prefix.h -I/opt/devkitpro/libctru/include -I../libretro/ap/zlib -DMBEDTLS_USER_CONFIG_FILE=\"ap_mbedtls_config.h\" -include ../libretro/ap/ap_zlib_prefix.h   -DARM11 -D_3DS -march=armv6k -mtune=mpcore -mfloat-abi=hard -Wall -mword-relocations -fomit-frame-pointer -ffast-math -O3 -DNDEBUG -fno-strict-aliasing -DSTATIC_LINKING -fomit-frame-pointer -Wall -W -Wno-unused-parameter -Wno-missing-field-initializers  -D__LIBRETRO__ -DALLOW_CPU_OVERCLOCK -c -o../libretro/ap/mbedtls/library/oid.o ../libretro/ap/mbedtls/library/oid.c
/opt/devkitpro/devkitARM/bin/arm-none-eabi-gcc -I../libretro -I../libretro/libretro-common/include -I.. -I../apu/ -I../apu/bapu -I../libretro/ap -I../libretro/ap/mbedtls/include -include ../libretro/ap/ap_mbedtls_prefix.h -I/opt/devkitpro/libctru/include -I../libretro/ap/zlib -DMBEDTLS_USER_CONFIG_FILE=\"ap_mbedtls_config.h\" -include ../libretro/ap/ap_zlib_prefix.h   -DARM11 -D_3DS -march=armv6k -mtune=mpcore -mfloat-abi=hard -Wall -mword-relocations -fomit-frame-pointer -ffast-math -O3 -DNDEBUG -fno-strict-aliasing -DSTATIC_LINKING -fomit-frame-pointer -Wall -W -Wno-unused-parameter -Wno-missing-field-initializers  -D__LIBRETRO__ -DALLOW_CPU_OVERCLOCK -c -o../libretro/ap/mbedtls/library/padlock.o ../libretro/ap/mbedtls/library/padlock.c
/opt/devkitpro/devkitARM/bin/arm-none-eabi-gcc -I../libretro -I../libretro/libretro-common/include -I.. -I../apu/ -I../apu/bapu -I../libretro/ap -I../libretro/ap/mbedtls/include -include ../libretro/ap/ap_mbedtls_prefix.h -I/opt/devkitpro/libctru/include -I../libretro/ap/zlib -DMBEDTLS_USER_CONFIG_FILE=\"ap_mbedtls_config.h\" -include ../libretro/ap/ap_zlib_prefix.h   -DARM11 -D_3DS -march=armv6k -mtune=mpcore -mfloat-abi=hard -Wall -mword-relocations -fomit-frame-pointer -ffast-math -O3 -DNDEBUG -fno-strict-aliasing -DSTATIC_LINKING -fomit-frame-pointer -Wall -W -Wno-unused-parameter -Wno-missing-field-initializers  -D__LIBRETRO__ -DALLOW_CPU_OVERCLOCK -c -o../libretro/ap/mbedtls/library/pem.o ../libretro/ap/mbedtls/library/pem.c
/opt/devkitpro/devkitARM/bin/arm-none-eabi-gcc -I../libretro -I../libretro/libretro-common/include -I.. -I../apu/ -I../apu/bapu -I../libretro/ap -I../libretro/ap/mbedtls/include -include ../libretro/ap/ap_mbedtls_prefix.h -I/opt/devkitpro/libctru/include -I../libretro/ap/zlib -DMBEDTLS_USER_CONFIG_FILE=\"ap_mbedtls_config.h\" -include ../libretro/ap/ap_zlib_prefix.h   -DARM11 -D_3DS -march=armv6k -mtune=mpcore -mfloat-abi=hard -Wall -mword-relocations -fomit-frame-pointer -ffast-math -O3 -DNDEBUG -fno-strict-aliasing -DSTATIC_LINKING -fomit-frame-pointer -Wall -W -Wno-unused-parameter -Wno-missing-field-initializers  -D__LIBRETRO__ -DALLOW_CPU_OVERCLOCK -c -o../libretro/ap/mbedtls/library/pk.o ../libretro/ap/mbedtls/library/pk.c
/opt/devkitpro/devkitARM/bin/arm-none-eabi-gcc -I../libretro -I../libretro/libretro-common/include -I.. -I../apu/ -I../apu/bapu -I../libretro/ap -I../libretro/ap/mbedtls/include -include ../libretro/ap/ap_mbedtls_prefix.h -I/opt/devkitpro/libctru/include -I../libretro/ap/zlib -DMBEDTLS_USER_CONFIG_FILE=\"ap_mbedtls_config.h\" -include ../libretro/ap/ap_zlib_prefix.h   -DARM11 -D_3DS -march=armv6k -mtune=mpcore -mfloat-abi=hard -Wall -mword-relocations -fomit-frame-pointer -ffast-math -O3 -DNDEBUG -fno-strict-aliasing -DSTATIC_LINKING -fomit-frame-pointer -Wall -W -Wno-unused-parameter -Wno-missing-field-initializers  -D__LIBRETRO__ -DALLOW_CPU_OVERCLOCK -c -o../libretro/ap/mbedtls/library/pk_ecc.o ../libretro/ap/mbedtls/library/pk_ecc.c
/opt/devkitpro/devkitARM/bin/arm-none-eabi-gcc -I../libretro -I../libretro/libretro-common/include -I.. -I../apu/ -I../apu/bapu -I../libretro/ap -I../libretro/ap/mbedtls/include -include ../libretro/ap/ap_mbedtls_prefix.h -I/opt/devkitpro/libctru/include -I../libretro/ap/zlib -DMBEDTLS_USER_CONFIG_FILE=\"ap_mbedtls_config.h\" -include ../libretro/ap/ap_zlib_prefix.h   -DARM11 -D_3DS -march=armv6k -mtune=mpcore -mfloat-abi=hard -Wall -mword-relocations -fomit-frame-pointer -ffast-math -O3 -DNDEBUG -fno-strict-aliasing -DSTATIC_LINKING -fomit-frame-pointer -Wall -W -Wno-unused-parameter -Wno-missing-field-initializers  -D__LIBRETRO__ -DALLOW_CPU_OVERCLOCK -c -o../libretro/ap/mbedtls/library/pk_wrap.o ../libretro/ap/mbedtls/library/pk_wrap.c
/opt/devkitpro/devkitARM/bin/arm-none-eabi-gcc -I../libretro -I../libretro/libretro-common/include -I.. -I../apu/ -I../apu/bapu -I../libretro/ap -I../libretro/ap/mbedtls/include -include ../libretro/ap/ap_mbedtls_prefix.h -I/opt/devkitpro/libctru/include -I../libretro/ap/zlib -DMBEDTLS_USER_CONFIG_FILE=\"ap_mbedtls_config.h\" -include ../libretro/ap/ap_zlib_prefix.h   -DARM11 -D_3DS -march=armv6k -mtune=mpcore -mfloat-abi=hard -Wall -mword-relocations -fomit-frame-pointer -ffast-math -O3 -DNDEBUG -fno-strict-aliasing -DSTATIC_LINKING -fomit-frame-pointer -Wall -W -Wno-unused-parameter -Wno-missing-field-initializers  -D__LIBRETRO__ -DALLOW_CPU_OVERCLOCK -c -o../libretro/ap/mbedtls/library/pkcs12.o ../libretro/ap/mbedtls/library/pkcs12.c
/opt/devkitpro/devkitARM/bin/arm-none-eabi-gcc -I../libretro -I../libretro/libretro-common/include -I.. -I../apu/ -I../apu/bapu -I../libretro/ap -I../libretro/ap/mbedtls/include -include ../libretro/ap/ap_mbedtls_prefix.h -I/opt/devkitpro/libctru/include -I../libretro/ap/zlib -DMBEDTLS_USER_CONFIG_FILE=\"ap_mbedtls_config.h\" -include ../libretro/ap/ap_zlib_prefix.h   -DARM11 -D_3DS -march=armv6k -mtune=mpcore -mfloat-abi=hard -Wall -mword-relocations -fomit-frame-pointer -ffast-math -O3 -DNDEBUG -fno-strict-aliasing -DSTATIC_LINKING -fomit-frame-pointer -Wall -W -Wno-unused-parameter -Wno-missing-field-initializers  -D__LIBRETRO__ -DALLOW_CPU_OVERCLOCK -c -o../libretro/ap/mbedtls/library/pkcs5.o ../libretro/ap/mbedtls/library/pkcs5.c
/opt/devkitpro/devkitARM/bin/arm-none-eabi-gcc -I../libretro -I../libretro/libretro-common/include -I.. -I../apu/ -I../apu/bapu -I../libretro/ap -I../libretro/ap/mbedtls/include -include ../libretro/ap/ap_mbedtls_prefix.h -I/opt/devkitpro/libctru/include -I../libretro/ap/zlib -DMBEDTLS_USER_CONFIG_FILE=\"ap_mbedtls_config.h\" -include ../libretro/ap/ap_zlib_prefix.h   -DARM11 -D_3DS -march=armv6k -mtune=mpcore -mfloat-abi=hard -Wall -mword-relocations -fomit-frame-pointer -ffast-math -O3 -DNDEBUG -fno-strict-aliasing -DSTATIC_LINKING -fomit-frame-pointer -Wall -W -Wno-unused-parameter -Wno-missing-field-initializers  -D__LIBRETRO__ -DALLOW_CPU_OVERCLOCK -c -o../libretro/ap/mbedtls/library/pkcs7.o ../libretro/ap/mbedtls/library/pkcs7.c
/opt/devkitpro/devkitARM/bin/arm-none-eabi-gcc -I../libretro -I../libretro/libretro-common/include -I.. -I../apu/ -I../apu/bapu -I../libretro/ap -I../libretro/ap/mbedtls/include -include ../libretro/ap/ap_mbedtls_prefix.h -I/opt/devkitpro/libctru/include -I../libretro/ap/zlib -DMBEDTLS_USER_CONFIG_FILE=\"ap_mbedtls_config.h\" -include ../libretro/ap/ap_zlib_prefix.h   -DARM11 -D_3DS -march=armv6k -mtune=mpcore -mfloat-abi=hard -Wall -mword-relocations -fomit-frame-pointer -ffast-math -O3 -DNDEBUG -fno-strict-aliasing -DSTATIC_LINKING -fomit-frame-pointer -Wall -W -Wno-unused-parameter -Wno-missing-field-initializers  -D__LIBRETRO__ -DALLOW_CPU_OVERCLOCK -c -o../libretro/ap/mbedtls/library/pkparse.o ../libretro/ap/mbedtls/library/pkparse.c
/opt/devkitpro/devkitARM/bin/arm-none-eabi-gcc -I../libretro -I../libretro/libretro-common/include -I.. -I../apu/ -I../apu/bapu -I../libretro/ap -I../libretro/ap/mbedtls/include -include ../libretro/ap/ap_mbedtls_prefix.h -I/opt/devkitpro/libctru/include -I../libretro/ap/zlib -DMBEDTLS_USER_CONFIG_FILE=\"ap_mbedtls_config.h\" -include ../libretro/ap/ap_zlib_prefix.h   -DARM11 -D_3DS -march=armv6k -mtune=mpcore -mfloat-abi=hard -Wall -mword-relocations -fomit-frame-pointer -ffast-math -O3 -DNDEBUG -fno-strict-aliasing -DSTATIC_LINKING -fomit-frame-pointer -Wall -W -Wno-unused-parameter -Wno-missing-field-initializers  -D__LIBRETRO__ -DALLOW_CPU_OVERCLOCK -c -o../libretro/ap/mbedtls/library/pkwrite.o ../libretro/ap/mbedtls/library/pkwrite.c
/opt/devkitpro/devkitARM/bin/arm-none-eabi-gcc -I../libretro -I../libretro/libretro-common/include -I.. -I../apu/ -I../apu/bapu -I../libretro/ap -I../libretro/ap/mbedtls/include -include ../libretro/ap/ap_mbedtls_prefix.h -I/opt/devkitpro/libctru/include -I../libretro/ap/zlib -DMBEDTLS_USER_CONFIG_FILE=\"ap_mbedtls_config.h\" -include ../libretro/ap/ap_zlib_prefix.h   -DARM11 -D_3DS -march=armv6k -mtune=mpcore -mfloat-abi=hard -Wall -mword-relocations -fomit-frame-pointer -ffast-math -O3 -DNDEBUG -fno-strict-aliasing -DSTATIC_LINKING -fomit-frame-pointer -Wall -W -Wno-unused-parameter -Wno-missing-field-initializers  -D__LIBRETRO__ -DALLOW_CPU_OVERCLOCK -c -o../libretro/ap/mbedtls/library/platform.o ../libretro/ap/mbedtls/library/platform.c
/opt/devkitpro/devkitARM/bin/arm-none-eabi-gcc -I../libretro -I../libretro/libretro-common/include -I.. -I../apu/ -I../apu/bapu -I../libretro/ap -I../libretro/ap/mbedtls/include -include ../libretro/ap/ap_mbedtls_prefix.h -I/opt/devkitpro/libctru/include -I../libretro/ap/zlib -DMBEDTLS_USER_CONFIG_FILE=\"ap_mbedtls_config.h\" -include ../libretro/ap/ap_zlib_prefix.h   -DARM11 -D_3DS -march=armv6k -mtune=mpcore -mfloat-abi=hard -Wall -mword-relocations -fomit-frame-pointer -ffast-math -O3 -DNDEBUG -fno-strict-aliasing -DSTATIC_LINKING -fomit-frame-pointer -Wall -W -Wno-unused-parameter -Wno-missing-field-initializers  -D__LIBRETRO__ -DALLOW_CPU_OVERCLOCK -c -o../libretro/ap/mbedtls/library/platform_util.o ../libretro/ap/mbedtls/library/platform_util.c
/opt/devkitpro/devkitARM/bin/arm-none-eabi-gcc -I../libretro -I../libretro/libretro-common/include -I.. -I../apu/ -I../apu/bapu -I../libretro/ap -I../libretro/ap/mbedtls/include -include ../libretro/ap/ap_mbedtls_prefix.h -I/opt/devkitpro/libctru/include -I../libretro/ap/zlib -DMBEDTLS_USER_CONFIG_FILE=\"ap_mbedtls_config.h\" -include ../libretro/ap/ap_zlib_prefix.h   -DARM11 -D_3DS -march=armv6k -mtune=mpcore -mfloat-abi=hard -Wall -mword-relocations -fomit-frame-pointer -ffast-math -O3 -DNDEBUG -fno-strict-aliasing -DSTATIC_LINKING -fomit-frame-pointer -Wall -W -Wno-unused-parameter -Wno-missing-field-initializers  -D__LIBRETRO__ -DALLOW_CPU_OVERCLOCK -c -o../libretro/ap/mbedtls/library/poly1305.o ../libretro/ap/mbedtls/library/poly1305.c
/opt/devkitpro/devkitARM/bin/arm-none-eabi-gcc -I../libretro -I../libretro/libretro-common/include -I.. -I../apu/ -I../apu/bapu -I../libretro/ap -I../libretro/ap/mbedtls/include -include ../libretro/ap/ap_mbedtls_prefix.h -I/opt/devkitpro/libctru/include -I../libretro/ap/zlib -DMBEDTLS_USER_CONFIG_FILE=\"ap_mbedtls_config.h\" -include ../libretro/ap/ap_zlib_prefix.h   -DARM11 -D_3DS -march=armv6k -mtune=mpcore -mfloat-abi=hard -Wall -mword-relocations -fomit-frame-pointer -ffast-math -O3 -DNDEBUG -fno-strict-aliasing -DSTATIC_LINKING -fomit-frame-pointer -Wall -W -Wno-unused-parameter -Wno-missing-field-initializers  -D__LIBRETRO__ -DALLOW_CPU_OVERCLOCK -c -o../libretro/ap/mbedtls/library/psa_crypto.o ../libretro/ap/mbedtls/library/psa_crypto.c
/opt/devkitpro/devkitARM/bin/arm-none-eabi-gcc -I../libretro -I../libretro/libretro-common/include -I.. -I../apu/ -I../apu/bapu -I../libretro/ap -I../libretro/ap/mbedtls/include -include ../libretro/ap/ap_mbedtls_prefix.h -I/opt/devkitpro/libctru/include -I../libretro/ap/zlib -DMBEDTLS_USER_CONFIG_FILE=\"ap_mbedtls_config.h\" -include ../libretro/ap/ap_zlib_prefix.h   -DARM11 -D_3DS -march=armv6k -mtune=mpcore -mfloat-abi=hard -Wall -mword-relocations -fomit-frame-pointer -ffast-math -O3 -DNDEBUG -fno-strict-aliasing -DSTATIC_LINKING -fomit-frame-pointer -Wall -W -Wno-unused-parameter -Wno-missing-field-initializers  -D__LIBRETRO__ -DALLOW_CPU_OVERCLOCK -c -o../libretro/ap/mbedtls/library/psa_crypto_aead.o ../libretro/ap/mbedtls/library/psa_crypto_aead.c
/opt/devkitpro/devkitARM/bin/arm-none-eabi-gcc -I../libretro -I../libretro/libretro-common/include -I.. -I../apu/ -I../apu/bapu -I../libretro/ap -I../libretro/ap/mbedtls/include -include ../libretro/ap/ap_mbedtls_prefix.h -I/opt/devkitpro/libctru/include -I../libretro/ap/zlib -DMBEDTLS_USER_CONFIG_FILE=\"ap_mbedtls_config.h\" -include ../libretro/ap/ap_zlib_prefix.h   -DARM11 -D_3DS -march=armv6k -mtune=mpcore -mfloat-abi=hard -Wall -mword-relocations -fomit-frame-pointer -ffast-math -O3 -DNDEBUG -fno-strict-aliasing -DSTATIC_LINKING -fomit-frame-pointer -Wall -W -Wno-unused-parameter -Wno-missing-field-initializers  -D__LIBRETRO__ -DALLOW_CPU_OVERCLOCK -c -o../libretro/ap/mbedtls/library/psa_crypto_cipher.o ../libretro/ap/mbedtls/library/psa_crypto_cipher.c
/opt/devkitpro/devkitARM/bin/arm-none-eabi-gcc -I../libretro -I../libretro/libretro-common/include -I.. -I../apu/ -I../apu/bapu -I../libretro/ap -I../libretro/ap/mbedtls/include -include ../libretro/ap/ap_mbedtls_prefix.h -I/opt/devkitpro/libctru/include -I../libretro/ap/zlib -DMBEDTLS_USER_CONFIG_FILE=\"ap_mbedtls_config.h\" -include ../libretro/ap/ap_zlib_prefix.h   -DARM11 -D_3DS -march=armv6k -mtune=mpcore -mfloat-abi=hard -Wall -mword-relocations -fomit-frame-pointer -ffast-math -O3 -DNDEBUG -fno-strict-aliasing -DSTATIC_LINKING -fomit-frame-pointer -Wall -W -Wno-unused-parameter -Wno-missing-field-initializers  -D__LIBRETRO__ -DALLOW_CPU_OVERCLOCK -c -o../libretro/ap/mbedtls/library/psa_crypto_client.o ../libretro/ap/mbedtls/library/psa_crypto_client.c
/opt/devkitpro/devkitARM/bin/arm-none-eabi-gcc -I../libretro -I../libretro/libretro-common/include -I.. -I../apu/ -I../apu/bapu -I../libretro/ap -I../libretro/ap/mbedtls/include -include ../libretro/ap/ap_mbedtls_prefix.h -I/opt/devkitpro/libctru/include -I../libretro/ap/zlib -DMBEDTLS_USER_CONFIG_FILE=\"ap_mbedtls_config.h\" -include ../libretro/ap/ap_zlib_prefix.h   -DARM11 -D_3DS -march=armv6k -mtune=mpcore -mfloat-abi=hard -Wall -mword-relocations -fomit-frame-pointer -ffast-math -O3 -DNDEBUG -fno-strict-aliasing -DSTATIC_LINKING -fomit-frame-pointer -Wall -W -Wno-unused-parameter -Wno-missing-field-initializers  -D__LIBRETRO__ -DALLOW_CPU_OVERCLOCK -c -o../libretro/ap/mbedtls/library/psa_crypto_driver_wrappers_no_static.o ../libretro/ap/mbedtls/library/psa_crypto_driver_wrappers_no_static.c
/opt/devkitpro/devkitARM/bin/arm-none-eabi-gcc -I../libretro -I../libretro/libretro-common/include -I.. -I../apu/ -I../apu/bapu -I../libretro/ap -I../libretro/ap/mbedtls/include -include ../libretro/ap/ap_mbedtls_prefix.h -I/opt/devkitpro/libctru/include -I../libretro/ap/zlib -DMBEDTLS_USER_CONFIG_FILE=\"ap_mbedtls_config.h\" -include ../libretro/ap/ap_zlib_prefix.h   -DARM11 -D_3DS -march=armv6k -mtune=mpcore -mfloat-abi=hard -Wall -mword-relocations -fomit-frame-pointer -ffast-math -O3 -DNDEBUG -fno-strict-aliasing -DSTATIC_LINKING -fomit-frame-pointer -Wall -W -Wno-unused-parameter -Wno-missing-field-initializers  -D__LIBRETRO__ -DALLOW_CPU_OVERCLOCK -c -o../libretro/ap/mbedtls/library/psa_crypto_ecp.o ../libretro/ap/mbedtls/library/psa_crypto_ecp.c
/opt/devkitpro/devkitARM/bin/arm-none-eabi-gcc -I../libretro -I../libretro/libretro-common/include -I.. -I../apu/ -I../apu/bapu -I../libretro/ap -I../libretro/ap/mbedtls/include -include ../libretro/ap/ap_mbedtls_prefix.h -I/opt/devkitpro/libctru/include -I../libretro/ap/zlib -DMBEDTLS_USER_CONFIG_FILE=\"ap_mbedtls_config.h\" -include ../libretro/ap/ap_zlib_prefix.h   -DARM11 -D_3DS -march=armv6k -mtune=mpcore -mfloat-abi=hard -Wall -mword-relocations -fomit-frame-pointer -ffast-math -O3 -DNDEBUG -fno-strict-aliasing -DSTATIC_LINKING -fomit-frame-pointer -Wall -W -Wno-unused-parameter -Wno-missing-field-initializers  -D__LIBRETRO__ -DALLOW_CPU_OVERCLOCK -c -o../libretro/ap/mbedtls/library/psa_crypto_ffdh.o ../libretro/ap/mbedtls/library/psa_crypto_ffdh.c
/opt/devkitpro/devkitARM/bin/arm-none-eabi-gcc -I../libretro -I../libretro/libretro-common/include -I.. -I../apu/ -I../apu/bapu -I../libretro/ap -I../libretro/ap/mbedtls/include -include ../libretro/ap/ap_mbedtls_prefix.h -I/opt/devkitpro/libctru/include -I../libretro/ap/zlib -DMBEDTLS_USER_CONFIG_FILE=\"ap_mbedtls_config.h\" -include ../libretro/ap/ap_zlib_prefix.h   -DARM11 -D_3DS -march=armv6k -mtune=mpcore -mfloat-abi=hard -Wall -mword-relocations -fomit-frame-pointer -ffast-math -O3 -DNDEBUG -fno-strict-aliasing -DSTATIC_LINKING -fomit-frame-pointer -Wall -W -Wno-unused-parameter -Wno-missing-field-initializers  -D__LIBRETRO__ -DALLOW_CPU_OVERCLOCK -c -o../libretro/ap/mbedtls/library/psa_crypto_hash.o ../libretro/ap/mbedtls/library/psa_crypto_hash.c
/opt/devkitpro/devkitARM/bin/arm-none-eabi-gcc -I../libretro -I../libretro/libretro-common/include -I.. -I../apu/ -I../apu/bapu -I../libretro/ap -I../libretro/ap/mbedtls/include -include ../libretro/ap/ap_mbedtls_prefix.h -I/opt/devkitpro/libctru/include -I../libretro/ap/zlib -DMBEDTLS_USER_CONFIG_FILE=\"ap_mbedtls_config.h\" -include ../libretro/ap/ap_zlib_prefix.h   -DARM11 -D_3DS -march=armv6k -mtune=mpcore -mfloat-abi=hard -Wall -mword-relocations -fomit-frame-pointer -ffast-math -O3 -DNDEBUG -fno-strict-aliasing -DSTATIC_LINKING -fomit-frame-pointer -Wall -W -Wno-unused-parameter -Wno-missing-field-initializers  -D__LIBRETRO__ -DALLOW_CPU_OVERCLOCK -c -o../libretro/ap/mbedtls/library/psa_crypto_mac.o ../libretro/ap/mbedtls/library/psa_crypto_mac.c
/opt/devkitpro/devkitARM/bin/arm-none-eabi-gcc -I../libretro -I../libretro/libretro-common/include -I.. -I../apu/ -I../apu/bapu -I../libretro/ap -I../libretro/ap/mbedtls/include -include ../libretro/ap/ap_mbedtls_prefix.h -I/opt/devkitpro/libctru/include -I../libretro/ap/zlib -DMBEDTLS_USER_CONFIG_FILE=\"ap_mbedtls_config.h\" -include ../libretro/ap/ap_zlib_prefix.h   -DARM11 -D_3DS -march=armv6k -mtune=mpcore -mfloat-abi=hard -Wall -mword-relocations -fomit-frame-pointer -ffast-math -O3 -DNDEBUG -fno-strict-aliasing -DSTATIC_LINKING -fomit-frame-pointer -Wall -W -Wno-unused-parameter -Wno-missing-field-initializers  -D__LIBRETRO__ -DALLOW_CPU_OVERCLOCK -c -o../libretro/ap/mbedtls/library/psa_crypto_pake.o ../libretro/ap/mbedtls/library/psa_crypto_pake.c
/opt/devkitpro/devkitARM/bin/arm-none-eabi-gcc -I../libretro -I../libretro/libretro-common/include -I.. -I../apu/ -I../apu/bapu -I../libretro/ap -I../libretro/ap/mbedtls/include -include ../libretro/ap/ap_mbedtls_prefix.h -I/opt/devkitpro/libctru/include -I../libretro/ap/zlib -DMBEDTLS_USER_CONFIG_FILE=\"ap_mbedtls_config.h\" -include ../libretro/ap/ap_zlib_prefix.h   -DARM11 -D_3DS -march=armv6k -mtune=mpcore -mfloat-abi=hard -Wall -mword-relocations -fomit-frame-pointer -ffast-math -O3 -DNDEBUG -fno-strict-aliasing -DSTATIC_LINKING -fomit-frame-pointer -Wall -W -Wno-unused-parameter -Wno-missing-field-initializers  -D__LIBRETRO__ -DALLOW_CPU_OVERCLOCK -c -o../libretro/ap/mbedtls/library/psa_crypto_rsa.o ../libretro/ap/mbedtls/library/psa_crypto_rsa.c
/opt/devkitpro/devkitARM/bin/arm-none-eabi-gcc -I../libretro -I../libretro/libretro-common/include -I.. -I../apu/ -I../apu/bapu -I../libretro/ap -I../libretro/ap/mbedtls/include -include ../libretro/ap/ap_mbedtls_prefix.h -I/opt/devkitpro/libctru/include -I../libretro/ap/zlib -DMBEDTLS_USER_CONFIG_FILE=\"ap_mbedtls_config.h\" -include ../libretro/ap/ap_zlib_prefix.h   -DARM11 -D_3DS -march=armv6k -mtune=mpcore -mfloat-abi=hard -Wall -mword-relocations -fomit-frame-pointer -ffast-math -O3 -DNDEBUG -fno-strict-aliasing -DSTATIC_LINKING -fomit-frame-pointer -Wall -W -Wno-unused-parameter -Wno-missing-field-initializers  -D__LIBRETRO__ -DALLOW_CPU_OVERCLOCK -c -o../libretro/ap/mbedtls/library/psa_crypto_se.o ../libretro/ap/mbedtls/library/psa_crypto_se.c
/opt/devkitpro/devkitARM/bin/arm-none-eabi-gcc -I../libretro -I../libretro/libretro-common/include -I.. -I../apu/ -I../apu/bapu -I../libretro/ap -I../libretro/ap/mbedtls/include -include ../libretro/ap/ap_mbedtls_prefix.h -I/opt/devkitpro/libctru/include -I../libretro/ap/zlib -DMBEDTLS_USER_CONFIG_FILE=\"ap_mbedtls_config.h\" -include ../libretro/ap/ap_zlib_prefix.h   -DARM11 -D_3DS -march=armv6k -mtune=mpcore -mfloat-abi=hard -Wall -mword-relocations -fomit-frame-pointer -ffast-math -O3 -DNDEBUG -fno-strict-aliasing -DSTATIC_LINKING -fomit-frame-pointer -Wall -W -Wno-unused-parameter -Wno-missing-field-initializers  -D__LIBRETRO__ -DALLOW_CPU_OVERCLOCK -c -o../libretro/ap/mbedtls/library/psa_crypto_slot_management.o ../libretro/ap/mbedtls/library/psa_crypto_slot_management.c
/opt/devkitpro/devkitARM/bin/arm-none-eabi-gcc -I../libretro -I../libretro/libretro-common/include -I.. -I../apu/ -I../apu/bapu -I../libretro/ap -I../libretro/ap/mbedtls/include -include ../libretro/ap/ap_mbedtls_prefix.h -I/opt/devkitpro/libctru/include -I../libretro/ap/zlib -DMBEDTLS_USER_CONFIG_FILE=\"ap_mbedtls_config.h\" -include ../libretro/ap/ap_zlib_prefix.h   -DARM11 -D_3DS -march=armv6k -mtune=mpcore -mfloat-abi=hard -Wall -mword-relocations -fomit-frame-pointer -ffast-math -O3 -DNDEBUG -fno-strict-aliasing -DSTATIC_LINKING -fomit-frame-pointer -Wall -W -Wno-unused-parameter -Wno-missing-field-initializers  -D__LIBRETRO__ -DALLOW_CPU_OVERCLOCK -c -o../libretro/ap/mbedtls/library/psa_crypto_storage.o ../libretro/ap/mbedtls/library/psa_crypto_storage.c
/opt/devkitpro/devkitARM/bin/arm-none-eabi-gcc -I../libretro -I../libretro/libretro-common/include -I.. -I../apu/ -I../apu/bapu -I../libretro/ap -I../libretro/ap/mbedtls/include -include ../libretro/ap/ap_mbedtls_prefix.h -I/opt/devkitpro/libctru/include -I../libretro/ap/zlib -DMBEDTLS_USER_CONFIG_FILE=\"ap_mbedtls_config.h\" -include ../libretro/ap/ap_zlib_prefix.h   -DARM11 -D_3DS -march=armv6k -mtune=mpcore -mfloat-abi=hard -Wall -mword-relocations -fomit-frame-pointer -ffast-math -O3 -DNDEBUG -fno-strict-aliasing -DSTATIC_LINKING -fomit-frame-pointer -Wall -W -Wno-unused-parameter -Wno-missing-field-initializers  -D__LIBRETRO__ -DALLOW_CPU_OVERCLOCK -c -o../libretro/ap/mbedtls/library/psa_its_file.o ../libretro/ap/mbedtls/library/psa_its_file.c
/opt/devkitpro/devkitARM/bin/arm-none-eabi-gcc -I../libretro -I../libretro/libretro-common/include -I.. -I../apu/ -I../apu/bapu -I../libretro/ap -I../libretro/ap/mbedtls/include -include ../libretro/ap/ap_mbedtls_prefix.h -I/opt/devkitpro/libctru/include -I../libretro/ap/zlib -DMBEDTLS_USER_CONFIG_FILE=\"ap_mbedtls_config.h\" -include ../libretro/ap/ap_zlib_prefix.h   -DARM11 -D_3DS -march=armv6k -mtune=mpcore -mfloat-abi=hard -Wall -mword-relocations -fomit-frame-pointer -ffast-math -O3 -DNDEBUG -fno-strict-aliasing -DSTATIC_LINKING -fomit-frame-pointer -Wall -W -Wno-unused-parameter -Wno-missing-field-initializers  -D__LIBRETRO__ -DALLOW_CPU_OVERCLOCK -c -o../libretro/ap/mbedtls/library/psa_util.o ../libretro/ap/mbedtls/library/psa_util.c
/opt/devkitpro/devkitARM/bin/arm-none-eabi-gcc -I../libretro -I../libretro/libretro-common/include -I.. -I../apu/ -I../apu/bapu -I../libretro/ap -I../libretro/ap/mbedtls/include -include ../libretro/ap/ap_mbedtls_prefix.h -I/opt/devkitpro/libctru/include -I../libretro/ap/zlib -DMBEDTLS_USER_CONFIG_FILE=\"ap_mbedtls_config.h\" -include ../libretro/ap/ap_zlib_prefix.h   -DARM11 -D_3DS -march=armv6k -mtune=mpcore -mfloat-abi=hard -Wall -mword-relocations -fomit-frame-pointer -ffast-math -O3 -DNDEBUG -fno-strict-aliasing -DSTATIC_LINKING -fomit-frame-pointer -Wall -W -Wno-unused-parameter -Wno-missing-field-initializers  -D__LIBRETRO__ -DALLOW_CPU_OVERCLOCK -c -o../libretro/ap/mbedtls/library/ripemd160.o ../libretro/ap/mbedtls/library/ripemd160.c
/opt/devkitpro/devkitARM/bin/arm-none-eabi-gcc -I../libretro -I../libretro/libretro-common/include -I.. -I../apu/ -I../apu/bapu -I../libretro/ap -I../libretro/ap/mbedtls/include -include ../libretro/ap/ap_mbedtls_prefix.h -I/opt/devkitpro/libctru/include -I../libretro/ap/zlib -DMBEDTLS_USER_CONFIG_FILE=\"ap_mbedtls_config.h\" -include ../libretro/ap/ap_zlib_prefix.h   -DARM11 -D_3DS -march=armv6k -mtune=mpcore -mfloat-abi=hard -Wall -mword-relocations -fomit-frame-pointer -ffast-math -O3 -DNDEBUG -fno-strict-aliasing -DSTATIC_LINKING -fomit-frame-pointer -Wall -W -Wno-unused-parameter -Wno-missing-field-initializers  -D__LIBRETRO__ -DALLOW_CPU_OVERCLOCK -c -o../libretro/ap/mbedtls/library/rsa.o ../libretro/ap/mbedtls/library/rsa.c
/opt/devkitpro/devkitARM/bin/arm-none-eabi-gcc -I../libretro -I../libretro/libretro-common/include -I.. -I../apu/ -I../apu/bapu -I../libretro/ap -I../libretro/ap/mbedtls/include -include ../libretro/ap/ap_mbedtls_prefix.h -I/opt/devkitpro/libctru/include -I../libretro/ap/zlib -DMBEDTLS_USER_CONFIG_FILE=\"ap_mbedtls_config.h\" -include ../libretro/ap/ap_zlib_prefix.h   -DARM11 -D_3DS -march=armv6k -mtune=mpcore -mfloat-abi=hard -Wall -mword-relocations -fomit-frame-pointer -ffast-math -O3 -DNDEBUG -fno-strict-aliasing -DSTATIC_LINKING -fomit-frame-pointer -Wall -W -Wno-unused-parameter -Wno-missing-field-initializers  -D__LIBRETRO__ -DALLOW_CPU_OVERCLOCK -c -o../libretro/ap/mbedtls/library/rsa_alt_helpers.o ../libretro/ap/mbedtls/library/rsa_alt_helpers.c
/opt/devkitpro/devkitARM/bin/arm-none-eabi-gcc -I../libretro -I../libretro/libretro-common/include -I.. -I../apu/ -I../apu/bapu -I../libretro/ap -I../libretro/ap/mbedtls/include -include ../libretro/ap/ap_mbedtls_prefix.h -I/opt/devkitpro/libctru/include -I../libretro/ap/zlib -DMBEDTLS_USER_CONFIG_FILE=\"ap_mbedtls_config.h\" -include ../libretro/ap/ap_zlib_prefix.h   -DARM11 -D_3DS -march=armv6k -mtune=mpcore -mfloat-abi=hard -Wall -mword-relocations -fomit-frame-pointer -ffast-math -O3 -DNDEBUG -fno-strict-aliasing -DSTATIC_LINKING -fomit-frame-pointer -Wall -W -Wno-unused-parameter -Wno-missing-field-initializers  -D__LIBRETRO__ -DALLOW_CPU_OVERCLOCK -c -o../libretro/ap/mbedtls/library/sha1.o ../libretro/ap/mbedtls/library/sha1.c
/opt/devkitpro/devkitARM/bin/arm-none-eabi-gcc -I../libretro -I../libretro/libretro-common/include -I.. -I../apu/ -I../apu/bapu -I../libretro/ap -I../libretro/ap/mbedtls/include -include ../libretro/ap/ap_mbedtls_prefix.h -I/opt/devkitpro/libctru/include -I../libretro/ap/zlib -DMBEDTLS_USER_CONFIG_FILE=\"ap_mbedtls_config.h\" -include ../libretro/ap/ap_zlib_prefix.h   -DARM11 -D_3DS -march=armv6k -mtune=mpcore -mfloat-abi=hard -Wall -mword-relocations -fomit-frame-pointer -ffast-math -O3 -DNDEBUG -fno-strict-aliasing -DSTATIC_LINKING -fomit-frame-pointer -Wall -W -Wno-unused-parameter -Wno-missing-field-initializers  -D__LIBRETRO__ -DALLOW_CPU_OVERCLOCK -c -o../libretro/ap/mbedtls/library/sha256.o ../libretro/ap/mbedtls/library/sha256.c
/opt/devkitpro/devkitARM/bin/arm-none-eabi-gcc -I../libretro -I../libretro/libretro-common/include -I.. -I../apu/ -I../apu/bapu -I../libretro/ap -I../libretro/ap/mbedtls/include -include ../libretro/ap/ap_mbedtls_prefix.h -I/opt/devkitpro/libctru/include -I../libretro/ap/zlib -DMBEDTLS_USER_CONFIG_FILE=\"ap_mbedtls_config.h\" -include ../libretro/ap/ap_zlib_prefix.h   -DARM11 -D_3DS -march=armv6k -mtune=mpcore -mfloat-abi=hard -Wall -mword-relocations -fomit-frame-pointer -ffast-math -O3 -DNDEBUG -fno-strict-aliasing -DSTATIC_LINKING -fomit-frame-pointer -Wall -W -Wno-unused-parameter -Wno-missing-field-initializers  -D__LIBRETRO__ -DALLOW_CPU_OVERCLOCK -c -o../libretro/ap/mbedtls/library/sha3.o ../libretro/ap/mbedtls/library/sha3.c
/opt/devkitpro/devkitARM/bin/arm-none-eabi-gcc -I../libretro -I../libretro/libretro-common/include -I.. -I../apu/ -I../apu/bapu -I../libretro/ap -I../libretro/ap/mbedtls/include -include ../libretro/ap/ap_mbedtls_prefix.h -I/opt/devkitpro/libctru/include -I../libretro/ap/zlib -DMBEDTLS_USER_CONFIG_FILE=\"ap_mbedtls_config.h\" -include ../libretro/ap/ap_zlib_prefix.h   -DARM11 -D_3DS -march=armv6k -mtune=mpcore -mfloat-abi=hard -Wall -mword-relocations -fomit-frame-pointer -ffast-math -O3 -DNDEBUG -fno-strict-aliasing -DSTATIC_LINKING -fomit-frame-pointer -Wall -W -Wno-unused-parameter -Wno-missing-field-initializers  -D__LIBRETRO__ -DALLOW_CPU_OVERCLOCK -c -o../libretro/ap/mbedtls/library/sha512.o ../libretro/ap/mbedtls/library/sha512.c
/opt/devkitpro/devkitARM/bin/arm-none-eabi-gcc -I../libretro -I../libretro/libretro-common/include -I.. -I../apu/ -I../apu/bapu -I../libretro/ap -I../libretro/ap/mbedtls/include -include ../libretro/ap/ap_mbedtls_prefix.h -I/opt/devkitpro/libctru/include -I../libretro/ap/zlib -DMBEDTLS_USER_CONFIG_FILE=\"ap_mbedtls_config.h\" -include ../libretro/ap/ap_zlib_prefix.h   -DARM11 -D_3DS -march=armv6k -mtune=mpcore -mfloat-abi=hard -Wall -mword-relocations -fomit-frame-pointer -ffast-math -O3 -DNDEBUG -fno-strict-aliasing -DSTATIC_LINKING -fomit-frame-pointer -Wall -W -Wno-unused-parameter -Wno-missing-field-initializers  -D__LIBRETRO__ -DALLOW_CPU_OVERCLOCK -c -o../libretro/ap/mbedtls/library/ssl_cache.o ../libretro/ap/mbedtls/library/ssl_cache.c
/opt/devkitpro/devkitARM/bin/arm-none-eabi-gcc -I../libretro -I../libretro/libretro-common/include -I.. -I../apu/ -I../apu/bapu -I../libretro/ap -I../libretro/ap/mbedtls/include -include ../libretro/ap/ap_mbedtls_prefix.h -I/opt/devkitpro/libctru/include -I../libretro/ap/zlib -DMBEDTLS_USER_CONFIG_FILE=\"ap_mbedtls_config.h\" -include ../libretro/ap/ap_zlib_prefix.h   -DARM11 -D_3DS -march=armv6k -mtune=mpcore -mfloat-abi=hard -Wall -mword-relocations -fomit-frame-pointer -ffast-math -O3 -DNDEBUG -fno-strict-aliasing -DSTATIC_LINKING -fomit-frame-pointer -Wall -W -Wno-unused-parameter -Wno-missing-field-initializers  -D__LIBRETRO__ -DALLOW_CPU_OVERCLOCK -c -o../libretro/ap/mbedtls/library/ssl_ciphersuites.o ../libretro/ap/mbedtls/library/ssl_ciphersuites.c
/opt/devkitpro/devkitARM/bin/arm-none-eabi-gcc -I../libretro -I../libretro/libretro-common/include -I.. -I../apu/ -I../apu/bapu -I../libretro/ap -I../libretro/ap/mbedtls/include -include ../libretro/ap/ap_mbedtls_prefix.h -I/opt/devkitpro/libctru/include -I../libretro/ap/zlib -DMBEDTLS_USER_CONFIG_FILE=\"ap_mbedtls_config.h\" -include ../libretro/ap/ap_zlib_prefix.h   -DARM11 -D_3DS -march=armv6k -mtune=mpcore -mfloat-abi=hard -Wall -mword-relocations -fomit-frame-pointer -ffast-math -O3 -DNDEBUG -fno-strict-aliasing -DSTATIC_LINKING -fomit-frame-pointer -Wall -W -Wno-unused-parameter -Wno-missing-field-initializers  -D__LIBRETRO__ -DALLOW_CPU_OVERCLOCK -c -o../libretro/ap/mbedtls/library/ssl_client.o ../libretro/ap/mbedtls/library/ssl_client.c
/opt/devkitpro/devkitARM/bin/arm-none-eabi-gcc -I../libretro -I../libretro/libretro-common/include -I.. -I../apu/ -I../apu/bapu -I../libretro/ap -I../libretro/ap/mbedtls/include -include ../libretro/ap/ap_mbedtls_prefix.h -I/opt/devkitpro/libctru/include -I../libretro/ap/zlib -DMBEDTLS_USER_CONFIG_FILE=\"ap_mbedtls_config.h\" -include ../libretro/ap/ap_zlib_prefix.h   -DARM11 -D_3DS -march=armv6k -mtune=mpcore -mfloat-abi=hard -Wall -mword-relocations -fomit-frame-pointer -ffast-math -O3 -DNDEBUG -fno-strict-aliasing -DSTATIC_LINKING -fomit-frame-pointer -Wall -W -Wno-unused-parameter -Wno-missing-field-initializers  -D__LIBRETRO__ -DALLOW_CPU_OVERCLOCK -c -o../libretro/ap/mbedtls/library/ssl_cookie.o ../libretro/ap/mbedtls/library/ssl_cookie.c
/opt/devkitpro/devkitARM/bin/arm-none-eabi-gcc -I../libretro -I../libretro/libretro-common/include -I.. -I../apu/ -I../apu/bapu -I../libretro/ap -I../libretro/ap/mbedtls/include -include ../libretro/ap/ap_mbedtls_prefix.h -I/opt/devkitpro/libctru/include -I../libretro/ap/zlib -DMBEDTLS_USER_CONFIG_FILE=\"ap_mbedtls_config.h\" -include ../libretro/ap/ap_zlib_prefix.h   -DARM11 -D_3DS -march=armv6k -mtune=mpcore -mfloat-abi=hard -Wall -mword-relocations -fomit-frame-pointer -ffast-math -O3 -DNDEBUG -fno-strict-aliasing -DSTATIC_LINKING -fomit-frame-pointer -Wall -W -Wno-unused-parameter -Wno-missing-field-initializers  -D__LIBRETRO__ -DALLOW_CPU_OVERCLOCK -c -o../libretro/ap/mbedtls/library/ssl_debug_helpers_generated.o ../libretro/ap/mbedtls/library/ssl_debug_helpers_generated.c
/opt/devkitpro/devkitARM/bin/arm-none-eabi-gcc -I../libretro -I../libretro/libretro-common/include -I.. -I../apu/ -I../apu/bapu -I../libretro/ap -I../libretro/ap/mbedtls/include -include ../libretro/ap/ap_mbedtls_prefix.h -I/opt/devkitpro/libctru/include -I../libretro/ap/zlib -DMBEDTLS_USER_CONFIG_FILE=\"ap_mbedtls_config.h\" -include ../libretro/ap/ap_zlib_prefix.h   -DARM11 -D_3DS -march=armv6k -mtune=mpcore -mfloat-abi=hard -Wall -mword-relocations -fomit-frame-pointer -ffast-math -O3 -DNDEBUG -fno-strict-aliasing -DSTATIC_LINKING -fomit-frame-pointer -Wall -W -Wno-unused-parameter -Wno-missing-field-initializers  -D__LIBRETRO__ -DALLOW_CPU_OVERCLOCK -c -o../libretro/ap/mbedtls/library/ssl_msg.o ../libretro/ap/mbedtls/library/ssl_msg.c
/opt/devkitpro/devkitARM/bin/arm-none-eabi-gcc -I../libretro -I../libretro/libretro-common/include -I.. -I../apu/ -I../apu/bapu -I../libretro/ap -I../libretro/ap/mbedtls/include -include ../libretro/ap/ap_mbedtls_prefix.h -I/opt/devkitpro/libctru/include -I../libretro/ap/zlib -DMBEDTLS_USER_CONFIG_FILE=\"ap_mbedtls_config.h\" -include ../libretro/ap/ap_zlib_prefix.h   -DARM11 -D_3DS -march=armv6k -mtune=mpcore -mfloat-abi=hard -Wall -mword-relocations -fomit-frame-pointer -ffast-math -O3 -DNDEBUG -fno-strict-aliasing -DSTATIC_LINKING -fomit-frame-pointer -Wall -W -Wno-unused-parameter -Wno-missing-field-initializers  -D__LIBRETRO__ -DALLOW_CPU_OVERCLOCK -c -o../libretro/ap/mbedtls/library/ssl_ticket.o ../libretro/ap/mbedtls/library/ssl_ticket.c
/opt/devkitpro/devkitARM/bin/arm-none-eabi-gcc -I../libretro -I../libretro/libretro-common/include -I.. -I../apu/ -I../apu/bapu -I../libretro/ap -I../libretro/ap/mbedtls/include -include ../libretro/ap/ap_mbedtls_prefix.h -I/opt/devkitpro/libctru/include -I../libretro/ap/zlib -DMBEDTLS_USER_CONFIG_FILE=\"ap_mbedtls_config.h\" -include ../libretro/ap/ap_zlib_prefix.h   -DARM11 -D_3DS -march=armv6k -mtune=mpcore -mfloat-abi=hard -Wall -mword-relocations -fomit-frame-pointer -ffast-math -O3 -DNDEBUG -fno-strict-aliasing -DSTATIC_LINKING -fomit-frame-pointer -Wall -W -Wno-unused-parameter -Wno-missing-field-initializers  -D__LIBRETRO__ -DALLOW_CPU_OVERCLOCK -c -o../libretro/ap/mbedtls/library/ssl_tls.o ../libretro/ap/mbedtls/library/ssl_tls.c
/opt/devkitpro/devkitARM/bin/arm-none-eabi-gcc -I../libretro -I../libretro/libretro-common/include -I.. -I../apu/ -I../apu/bapu -I../libretro/ap -I../libretro/ap/mbedtls/include -include ../libretro/ap/ap_mbedtls_prefix.h -I/opt/devkitpro/libctru/include -I../libretro/ap/zlib -DMBEDTLS_USER_CONFIG_FILE=\"ap_mbedtls_config.h\" -include ../libretro/ap/ap_zlib_prefix.h   -DARM11 -D_3DS -march=armv6k -mtune=mpcore -mfloat-abi=hard -Wall -mword-relocations -fomit-frame-pointer -ffast-math -O3 -DNDEBUG -fno-strict-aliasing -DSTATIC_LINKING -fomit-frame-pointer -Wall -W -Wno-unused-parameter -Wno-missing-field-initializers  -D__LIBRETRO__ -DALLOW_CPU_OVERCLOCK -c -o../libretro/ap/mbedtls/library/ssl_tls12_client.o ../libretro/ap/mbedtls/library/ssl_tls12_client.c
/opt/devkitpro/devkitARM/bin/arm-none-eabi-gcc -I../libretro -I../libretro/libretro-common/include -I.. -I../apu/ -I../apu/bapu -I../libretro/ap -I../libretro/ap/mbedtls/include -include ../libretro/ap/ap_mbedtls_prefix.h -I/opt/devkitpro/libctru/include -I../libretro/ap/zlib -DMBEDTLS_USER_CONFIG_FILE=\"ap_mbedtls_config.h\" -include ../libretro/ap/ap_zlib_prefix.h   -DARM11 -D_3DS -march=armv6k -mtune=mpcore -mfloat-abi=hard -Wall -mword-relocations -fomit-frame-pointer -ffast-math -O3 -DNDEBUG -fno-strict-aliasing -DSTATIC_LINKING -fomit-frame-pointer -Wall -W -Wno-unused-parameter -Wno-missing-field-initializers  -D__LIBRETRO__ -DALLOW_CPU_OVERCLOCK -c -o../libretro/ap/mbedtls/library/ssl_tls12_server.o ../libretro/ap/mbedtls/library/ssl_tls12_server.c
/opt/devkitpro/devkitARM/bin/arm-none-eabi-gcc -I../libretro -I../libretro/libretro-common/include -I.. -I../apu/ -I../apu/bapu -I../libretro/ap -I../libretro/ap/mbedtls/include -include ../libretro/ap/ap_mbedtls_prefix.h -I/opt/devkitpro/libctru/include -I../libretro/ap/zlib -DMBEDTLS_USER_CONFIG_FILE=\"ap_mbedtls_config.h\" -include ../libretro/ap/ap_zlib_prefix.h   -DARM11 -D_3DS -march=armv6k -mtune=mpcore -mfloat-abi=hard -Wall -mword-relocations -fomit-frame-pointer -ffast-math -O3 -DNDEBUG -fno-strict-aliasing -DSTATIC_LINKING -fomit-frame-pointer -Wall -W -Wno-unused-parameter -Wno-missing-field-initializers  -D__LIBRETRO__ -DALLOW_CPU_OVERCLOCK -c -o../libretro/ap/mbedtls/library/ssl_tls13_client.o ../libretro/ap/mbedtls/library/ssl_tls13_client.c
/opt/devkitpro/devkitARM/bin/arm-none-eabi-gcc -I../libretro -I../libretro/libretro-common/include -I.. -I../apu/ -I../apu/bapu -I../libretro/ap -I../libretro/ap/mbedtls/include -include ../libretro/ap/ap_mbedtls_prefix.h -I/opt/devkitpro/libctru/include -I../libretro/ap/zlib -DMBEDTLS_USER_CONFIG_FILE=\"ap_mbedtls_config.h\" -include ../libretro/ap/ap_zlib_prefix.h   -DARM11 -D_3DS -march=armv6k -mtune=mpcore -mfloat-abi=hard -Wall -mword-relocations -fomit-frame-pointer -ffast-math -O3 -DNDEBUG -fno-strict-aliasing -DSTATIC_LINKING -fomit-frame-pointer -Wall -W -Wno-unused-parameter -Wno-missing-field-initializers  -D__LIBRETRO__ -DALLOW_CPU_OVERCLOCK -c -o../libretro/ap/mbedtls/library/ssl_tls13_generic.o ../libretro/ap/mbedtls/library/ssl_tls13_generic.c
/opt/devkitpro/devkitARM/bin/arm-none-eabi-gcc -I../libretro -I../libretro/libretro-common/include -I.. -I../apu/ -I../apu/bapu -I../libretro/ap -I../libretro/ap/mbedtls/include -include ../libretro/ap/ap_mbedtls_prefix.h -I/opt/devkitpro/libctru/include -I../libretro/ap/zlib -DMBEDTLS_USER_CONFIG_FILE=\"ap_mbedtls_config.h\" -include ../libretro/ap/ap_zlib_prefix.h   -DARM11 -D_3DS -march=armv6k -mtune=mpcore -mfloat-abi=hard -Wall -mword-relocations -fomit-frame-pointer -ffast-math -O3 -DNDEBUG -fno-strict-aliasing -DSTATIC_LINKING -fomit-frame-pointer -Wall -W -Wno-unused-parameter -Wno-missing-field-initializers  -D__LIBRETRO__ -DALLOW_CPU_OVERCLOCK -c -o../libretro/ap/mbedtls/library/ssl_tls13_keys.o ../libretro/ap/mbedtls/library/ssl_tls13_keys.c
/opt/devkitpro/devkitARM/bin/arm-none-eabi-gcc -I../libretro -I../libretro/libretro-common/include -I.. -I../apu/ -I../apu/bapu -I../libretro/ap -I../libretro/ap/mbedtls/include -include ../libretro/ap/ap_mbedtls_prefix.h -I/opt/devkitpro/libctru/include -I../libretro/ap/zlib -DMBEDTLS_USER_CONFIG_FILE=\"ap_mbedtls_config.h\" -include ../libretro/ap/ap_zlib_prefix.h   -DARM11 -D_3DS -march=armv6k -mtune=mpcore -mfloat-abi=hard -Wall -mword-relocations -fomit-frame-pointer -ffast-math -O3 -DNDEBUG -fno-strict-aliasing -DSTATIC_LINKING -fomit-frame-pointer -Wall -W -Wno-unused-parameter -Wno-missing-field-initializers  -D__LIBRETRO__ -DALLOW_CPU_OVERCLOCK -c -o../libretro/ap/mbedtls/library/ssl_tls13_server.o ../libretro/ap/mbedtls/library/ssl_tls13_server.c
/opt/devkitpro/devkitARM/bin/arm-none-eabi-gcc -I../libretro -I../libretro/libretro-common/include -I.. -I../apu/ -I../apu/bapu -I../libretro/ap -I../libretro/ap/mbedtls/include -include ../libretro/ap/ap_mbedtls_prefix.h -I/opt/devkitpro/libctru/include -I../libretro/ap/zlib -DMBEDTLS_USER_CONFIG_FILE=\"ap_mbedtls_config.h\" -include ../libretro/ap/ap_zlib_prefix.h   -DARM11 -D_3DS -march=armv6k -mtune=mpcore -mfloat-abi=hard -Wall -mword-relocations -fomit-frame-pointer -ffast-math -O3 -DNDEBUG -fno-strict-aliasing -DSTATIC_LINKING -fomit-frame-pointer -Wall -W -Wno-unused-parameter -Wno-missing-field-initializers  -D__LIBRETRO__ -DALLOW_CPU_OVERCLOCK -c -o../libretro/ap/mbedtls/library/threading.o ../libretro/ap/mbedtls/library/threading.c
/opt/devkitpro/devkitARM/bin/arm-none-eabi-gcc -I../libretro -I../libretro/libretro-common/include -I.. -I../apu/ -I../apu/bapu -I../libretro/ap -I../libretro/ap/mbedtls/include -include ../libretro/ap/ap_mbedtls_prefix.h -I/opt/devkitpro/libctru/include -I../libretro/ap/zlib -DMBEDTLS_USER_CONFIG_FILE=\"ap_mbedtls_config.h\" -include ../libretro/ap/ap_zlib_prefix.h   -DARM11 -D_3DS -march=armv6k -mtune=mpcore -mfloat-abi=hard -Wall -mword-relocations -fomit-frame-pointer -ffast-math -O3 -DNDEBUG -fno-strict-aliasing -DSTATIC_LINKING -fomit-frame-pointer -Wall -W -Wno-unused-parameter -Wno-missing-field-initializers  -D__LIBRETRO__ -DALLOW_CPU_OVERCLOCK -c -o../libretro/ap/mbedtls/library/timing.o ../libretro/ap/mbedtls/library/timing.c
/opt/devkitpro/devkitARM/bin/arm-none-eabi-gcc -I../libretro -I../libretro/libretro-common/include -I.. -I../apu/ -I../apu/bapu -I../libretro/ap -I../libretro/ap/mbedtls/include -include ../libretro/ap/ap_mbedtls_prefix.h -I/opt/devkitpro/libctru/include -I../libretro/ap/zlib -DMBEDTLS_USER_CONFIG_FILE=\"ap_mbedtls_config.h\" -include ../libretro/ap/ap_zlib_prefix.h   -DARM11 -D_3DS -march=armv6k -mtune=mpcore -mfloat-abi=hard -Wall -mword-relocations -fomit-frame-pointer -ffast-math -O3 -DNDEBUG -fno-strict-aliasing -DSTATIC_LINKING -fomit-frame-pointer -Wall -W -Wno-unused-parameter -Wno-missing-field-initializers  -D__LIBRETRO__ -DALLOW_CPU_OVERCLOCK -c -o../libretro/ap/mbedtls/library/version.o ../libretro/ap/mbedtls/library/version.c
/opt/devkitpro/devkitARM/bin/arm-none-eabi-gcc -I../libretro -I../libretro/libretro-common/include -I.. -I../apu/ -I../apu/bapu -I../libretro/ap -I../libretro/ap/mbedtls/include -include ../libretro/ap/ap_mbedtls_prefix.h -I/opt/devkitpro/libctru/include -I../libretro/ap/zlib -DMBEDTLS_USER_CONFIG_FILE=\"ap_mbedtls_config.h\" -include ../libretro/ap/ap_zlib_prefix.h   -DARM11 -D_3DS -march=armv6k -mtune=mpcore -mfloat-abi=hard -Wall -mword-relocations -fomit-frame-pointer -ffast-math -O3 -DNDEBUG -fno-strict-aliasing -DSTATIC_LINKING -fomit-frame-pointer -Wall -W -Wno-unused-parameter -Wno-missing-field-initializers  -D__LIBRETRO__ -DALLOW_CPU_OVERCLOCK -c -o../libretro/ap/mbedtls/library/version_features.o ../libretro/ap/mbedtls/library/version_features.c
/opt/devkitpro/devkitARM/bin/arm-none-eabi-gcc -I../libretro -I../libretro/libretro-common/include -I.. -I../apu/ -I../apu/bapu -I../libretro/ap -I../libretro/ap/mbedtls/include -include ../libretro/ap/ap_mbedtls_prefix.h -I/opt/devkitpro/libctru/include -I../libretro/ap/zlib -DMBEDTLS_USER_CONFIG_FILE=\"ap_mbedtls_config.h\" -include ../libretro/ap/ap_zlib_prefix.h   -DARM11 -D_3DS -march=armv6k -mtune=mpcore -mfloat-abi=hard -Wall -mword-relocations -fomit-frame-pointer -ffast-math -O3 -DNDEBUG -fno-strict-aliasing -DSTATIC_LINKING -fomit-frame-pointer -Wall -W -Wno-unused-parameter -Wno-missing-field-initializers  -D__LIBRETRO__ -DALLOW_CPU_OVERCLOCK -c -o../libretro/ap/mbedtls/library/x509.o ../libretro/ap/mbedtls/library/x509.c
/opt/devkitpro/devkitARM/bin/arm-none-eabi-gcc -I../libretro -I../libretro/libretro-common/include -I.. -I../apu/ -I../apu/bapu -I../libretro/ap -I../libretro/ap/mbedtls/include -include ../libretro/ap/ap_mbedtls_prefix.h -I/opt/devkitpro/libctru/include -I../libretro/ap/zlib -DMBEDTLS_USER_CONFIG_FILE=\"ap_mbedtls_config.h\" -include ../libretro/ap/ap_zlib_prefix.h   -DARM11 -D_3DS -march=armv6k -mtune=mpcore -mfloat-abi=hard -Wall -mword-relocations -fomit-frame-pointer -ffast-math -O3 -DNDEBUG -fno-strict-aliasing -DSTATIC_LINKING -fomit-frame-pointer -Wall -W -Wno-unused-parameter -Wno-missing-field-initializers  -D__LIBRETRO__ -DALLOW_CPU_OVERCLOCK -c -o../libretro/ap/mbedtls/library/x509_create.o ../libretro/ap/mbedtls/library/x509_create.c
/opt/devkitpro/devkitARM/bin/arm-none-eabi-gcc -I../libretro -I../libretro/libretro-common/include -I.. -I../apu/ -I../apu/bapu -I../libretro/ap -I../libretro/ap/mbedtls/include -include ../libretro/ap/ap_mbedtls_prefix.h -I/opt/devkitpro/libctru/include -I../libretro/ap/zlib -DMBEDTLS_USER_CONFIG_FILE=\"ap_mbedtls_config.h\" -include ../libretro/ap/ap_zlib_prefix.h   -DARM11 -D_3DS -march=armv6k -mtune=mpcore -mfloat-abi=hard -Wall -mword-relocations -fomit-frame-pointer -ffast-math -O3 -DNDEBUG -fno-strict-aliasing -DSTATIC_LINKING -fomit-frame-pointer -Wall -W -Wno-unused-parameter -Wno-missing-field-initializers  -D__LIBRETRO__ -DALLOW_CPU_OVERCLOCK -c -o../libretro/ap/mbedtls/library/x509_crl.o ../libretro/ap/mbedtls/library/x509_crl.c
/opt/devkitpro/devkitARM/bin/arm-none-eabi-gcc -I../libretro -I../libretro/libretro-common/include -I.. -I../apu/ -I../apu/bapu -I../libretro/ap -I../libretro/ap/mbedtls/include -include ../libretro/ap/ap_mbedtls_prefix.h -I/opt/devkitpro/libctru/include -I../libretro/ap/zlib -DMBEDTLS_USER_CONFIG_FILE=\"ap_mbedtls_config.h\" -include ../libretro/ap/ap_zlib_prefix.h   -DARM11 -D_3DS -march=armv6k -mtune=mpcore -mfloat-abi=hard -Wall -mword-relocations -fomit-frame-pointer -ffast-math -O3 -DNDEBUG -fno-strict-aliasing -DSTATIC_LINKING -fomit-frame-pointer -Wall -W -Wno-unused-parameter -Wno-missing-field-initializers  -D__LIBRETRO__ -DALLOW_CPU_OVERCLOCK -c -o../libretro/ap/mbedtls/library/x509_crt.o ../libretro/ap/mbedtls/library/x509_crt.c
/opt/devkitpro/devkitARM/bin/arm-none-eabi-gcc -I../libretro -I../libretro/libretro-common/include -I.. -I../apu/ -I../apu/bapu -I../libretro/ap -I../libretro/ap/mbedtls/include -include ../libretro/ap/ap_mbedtls_prefix.h -I/opt/devkitpro/libctru/include -I../libretro/ap/zlib -DMBEDTLS_USER_CONFIG_FILE=\"ap_mbedtls_config.h\" -include ../libretro/ap/ap_zlib_prefix.h   -DARM11 -D_3DS -march=armv6k -mtune=mpcore -mfloat-abi=hard -Wall -mword-relocations -fomit-frame-pointer -ffast-math -O3 -DNDEBUG -fno-strict-aliasing -DSTATIC_LINKING -fomit-frame-pointer -Wall -W -Wno-unused-parameter -Wno-missing-field-initializers  -D__LIBRETRO__ -DALLOW_CPU_OVERCLOCK -c -o../libretro/ap/mbedtls/library/x509_csr.o ../libretro/ap/mbedtls/library/x509_csr.c
/opt/devkitpro/devkitARM/bin/arm-none-eabi-gcc -I../libretro -I../libretro/libretro-common/include -I.. -I../apu/ -I../apu/bapu -I../libretro/ap -I../libretro/ap/mbedtls/include -include ../libretro/ap/ap_mbedtls_prefix.h -I/opt/devkitpro/libctru/include -I../libretro/ap/zlib -DMBEDTLS_USER_CONFIG_FILE=\"ap_mbedtls_config.h\" -include ../libretro/ap/ap_zlib_prefix.h   -DARM11 -D_3DS -march=armv6k -mtune=mpcore -mfloat-abi=hard -Wall -mword-relocations -fomit-frame-pointer -ffast-math -O3 -DNDEBUG -fno-strict-aliasing -DSTATIC_LINKING -fomit-frame-pointer -Wall -W -Wno-unused-parameter -Wno-missing-field-initializers  -D__LIBRETRO__ -DALLOW_CPU_OVERCLOCK -c -o../libretro/ap/mbedtls/library/x509write.o ../libretro/ap/mbedtls/library/x509write.c
/opt/devkitpro/devkitARM/bin/arm-none-eabi-gcc -I../libretro -I../libretro/libretro-common/include -I.. -I../apu/ -I../apu/bapu -I../libretro/ap -I../libretro/ap/mbedtls/include -include ../libretro/ap/ap_mbedtls_prefix.h -I/opt/devkitpro/libctru/include -I../libretro/ap/zlib -DMBEDTLS_USER_CONFIG_FILE=\"ap_mbedtls_config.h\" -include ../libretro/ap/ap_zlib_prefix.h   -DARM11 -D_3DS -march=armv6k -mtune=mpcore -mfloat-abi=hard -Wall -mword-relocations -fomit-frame-pointer -ffast-math -O3 -DNDEBUG -fno-strict-aliasing -DSTATIC_LINKING -fomit-frame-pointer -Wall -W -Wno-unused-parameter -Wno-missing-field-initializers  -D__LIBRETRO__ -DALLOW_CPU_OVERCLOCK -c -o../libretro/ap/mbedtls/library/x509write_crt.o ../libretro/ap/mbedtls/library/x509write_crt.c
/opt/devkitpro/devkitARM/bin/arm-none-eabi-gcc -I../libretro -I../libretro/libretro-common/include -I.. -I../apu/ -I../apu/bapu -I../libretro/ap -I../libretro/ap/mbedtls/include -include ../libretro/ap/ap_mbedtls_prefix.h -I/opt/devkitpro/libctru/include -I../libretro/ap/zlib -DMBEDTLS_USER_CONFIG_FILE=\"ap_mbedtls_config.h\" -include ../libretro/ap/ap_zlib_prefix.h   -DARM11 -D_3DS -march=armv6k -mtune=mpcore -mfloat-abi=hard -Wall -mword-relocations -fomit-frame-pointer -ffast-math -O3 -DNDEBUG -fno-strict-aliasing -DSTATIC_LINKING -fomit-frame-pointer -Wall -W -Wno-unused-parameter -Wno-missing-field-initializers  -D__LIBRETRO__ -DALLOW_CPU_OVERCLOCK -c -o../libretro/ap/mbedtls/library/x509write_csr.o ../libretro/ap/mbedtls/library/x509write_csr.c
/opt/devkitpro/devkitARM/bin/arm-none-eabi-ar rcs snes9x_libretro_ctr.a ../apu/apu.o ../apu/bapu/dsp/sdsp.o ../apu/bapu/smp/smp.o ../apu/bapu/smp/smp_state.o ../cheats2.o ../clip.o ../controls.o ../cpu.o ../cpuexec.o ../cpuops.o ../crosshairs.o ../dma.o ../gfx.o ../globals.o ../loadzip.o ../memmap.o ../ppu.o ../sa1.o ../sa1cpu.o ../snapshot.o ../sha256.o ../bml.o ../fscompat.o ../libretro/libretro.o ../libretro/ap/ap_glue.o ../c4emu.o ../msu1.o ../zipfile.o ../srtc.o ../obc1.o ../bsflash.o ../tile.o ../bsx.o ../spc7110.o ../fxemu.o ../sdd1.o ../seta.o ../sa1hw.o ../dsp.o ../filter/snes_ntsc.o ../libretro/ap/ap_client.o ../libretro/ap/ap_ws.o ../libretro/ap/cJSON.o ../libretro/ap/zlib/adler32.o ../libretro/ap/zlib/crc32.o ../libretro/ap/zlib/inffast.o ../libretro/ap/zlib/inflate.o ../libretro/ap/zlib/inftrees.o ../libretro/ap/zlib/zutil.o ../libretro/ap/mbedtls/library/aes.o ../libretro/ap/mbedtls/library/aesce.o ../libretro/ap/mbedtls/library/aesni.o ../libretro/ap/mbedtls/library/aria.o ../libretro/ap/mbedtls/library/asn1parse.o ../libretro/ap/mbedtls/library/asn1write.o ../libretro/ap/mbedtls/library/base64.o ../libretro/ap/mbedtls/library/bignum.o ../libretro/ap/mbedtls/library/bignum_core.o ../libretro/ap/mbedtls/library/bignum_mod.o ../libretro/ap/mbedtls/library/bignum_mod_raw.o ../libretro/ap/mbedtls/library/block_cipher.o ../libretro/ap/mbedtls/library/camellia.o ../libretro/ap/mbedtls/library/ccm.o ../libretro/ap/mbedtls/library/chacha20.o ../libretro/ap/mbedtls/library/chachapoly.o ../libretro/ap/mbedtls/library/cipher.o ../libretro/ap/mbedtls/library/cipher_wrap.o ../libretro/ap/mbedtls/library/cmac.o ../libretro/ap/mbedtls/library/constant_time.o ../libretro/ap/mbedtls/library/ctr_drbg.o ../libretro/ap/mbedtls/library/debug.o ../libretro/ap/mbedtls/library/des.o ../libretro/ap/mbedtls/library/dhm.o ../libretro/ap/mbedtls/library/ecdh.o ../libretro/ap/mbedtls/library/ecdsa.o ../libretro/ap/mbedtls/library/ecjpake.o ../libretro/ap/mbedtls/library/ecp.o ../libretro/ap/mbedtls/library/ecp_curves.o ../libretro/ap/mbedtls/library/ecp_curves_new.o ../libretro/ap/mbedtls/library/entropy.o ../libretro/ap/mbedtls/library/entropy_poll.o ../libretro/ap/mbedtls/library/error.o ../libretro/ap/mbedtls/library/gcm.o ../libretro/ap/mbedtls/library/hkdf.o ../libretro/ap/mbedtls/library/hmac_drbg.o ../libretro/ap/mbedtls/library/lmots.o ../libretro/ap/mbedtls/library/lms.o ../libretro/ap/mbedtls/library/md.o ../libretro/ap/mbedtls/library/md5.o ../libretro/ap/mbedtls/library/memory_buffer_alloc.o ../libretro/ap/mbedtls/library/mps_reader.o ../libretro/ap/mbedtls/library/mps_trace.o ../libretro/ap/mbedtls/library/net_sockets.o ../libretro/ap/mbedtls/library/nist_kw.o ../libretro/ap/mbedtls/library/oid.o ../libretro/ap/mbedtls/library/padlock.o ../libretro/ap/mbedtls/library/pem.o ../libretro/ap/mbedtls/library/pk.o ../libretro/ap/mbedtls/library/pk_ecc.o ../libretro/ap/mbedtls/library/pk_wrap.o ../libretro/ap/mbedtls/library/pkcs12.o ../libretro/ap/mbedtls/library/pkcs5.o ../libretro/ap/mbedtls/library/pkcs7.o ../libretro/ap/mbedtls/library/pkparse.o ../libretro/ap/mbedtls/library/pkwrite.o ../libretro/ap/mbedtls/library/platform.o ../libretro/ap/mbedtls/library/platform_util.o ../libretro/ap/mbedtls/library/poly1305.o ../libretro/ap/mbedtls/library/psa_crypto.o ../libretro/ap/mbedtls/library/psa_crypto_aead.o ../libretro/ap/mbedtls/library/psa_crypto_cipher.o ../libretro/ap/mbedtls/library/psa_crypto_client.o ../libretro/ap/mbedtls/library/psa_crypto_driver_wrappers_no_static.o ../libretro/ap/mbedtls/library/psa_crypto_ecp.o ../libretro/ap/mbedtls/library/psa_crypto_ffdh.o ../libretro/ap/mbedtls/library/psa_crypto_hash.o ../libretro/ap/mbedtls/library/psa_crypto_mac.o ../libretro/ap/mbedtls/library/psa_crypto_pake.o ../libretro/ap/mbedtls/library/psa_crypto_rsa.o ../libretro/ap/mbedtls/library/psa_crypto_se.o ../libretro/ap/mbedtls/library/psa_crypto_slot_management.o ../libretro/ap/mbedtls/library/psa_crypto_storage.o ../libretro/ap/mbedtls/library/psa_its_file.o ../libretro/ap/mbedtls/library/psa_util.o ../libretro/ap/mbedtls/library/ripemd160.o ../libretro/ap/mbedtls/library/rsa.o ../libretro/ap/mbedtls/library/rsa_alt_helpers.o ../libretro/ap/mbedtls/library/sha1.o ../libretro/ap/mbedtls/library/sha256.o ../libretro/ap/mbedtls/library/sha3.o ../libretro/ap/mbedtls/library/sha512.o ../libretro/ap/mbedtls/library/ssl_cache.o ../libretro/ap/mbedtls/library/ssl_ciphersuites.o ../libretro/ap/mbedtls/library/ssl_client.o ../libretro/ap/mbedtls/library/ssl_cookie.o ../libretro/ap/mbedtls/library/ssl_debug_helpers_generated.o ../libretro/ap/mbedtls/library/ssl_msg.o ../libretro/ap/mbedtls/library/ssl_ticket.o ../libretro/ap/mbedtls/library/ssl_tls.o ../libretro/ap/mbedtls/library/ssl_tls12_client.o ../libretro/ap/mbedtls/library/ssl_tls12_server.o ../libretro/ap/mbedtls/library/ssl_tls13_client.o ../libretro/ap/mbedtls/library/ssl_tls13_generic.o ../libretro/ap/mbedtls/library/ssl_tls13_keys.o ../libretro/ap/mbedtls/library/ssl_tls13_server.o ../libretro/ap/mbedtls/library/threading.o ../libretro/ap/mbedtls/library/timing.o ../libretro/ap/mbedtls/library/version.o ../libretro/ap/mbedtls/library/version_features.o ../libretro/ap/mbedtls/library/x509.o ../libretro/ap/mbedtls/library/x509_create.o ../libretro/ap/mbedtls/library/x509_crl.o ../libretro/ap/mbedtls/library/x509_crt.o ../libretro/ap/mbedtls/library/x509_csr.o ../libretro/ap/mbedtls/library/x509write.o ../libretro/ap/mbedtls/library/x509write_crt.o ../libretro/ap/mbedtls/library/x509write_csr.o
make: Leaving directory '/__w/Snes/Snes/libretro'
